benchmark,topology,k,R,N,n_clean,acc_pct,mean_dyn_kJ,mean_total_tokens,acc_field,source_file
BrowseCompplus,centralized,1,2,2,50,16.0,20.709,43985.0,correct,a5000_browsecomp_canonical_bf16/Qwen_Qwen3.5-9B_centralized_k1_R2_N2.jsonl
BrowseCompplus,centralized,1,2,3,50,22.0,36.259,70848.9,correct,final_qwen9b_canonical/BrowseCompplus/k_sweep/Qwen_Qwen3.5-9B_centralized_k1_R2.jsonl
BrowseCompplus,centralized,1,2,5,50,28.0,38.923,123460.4,correct,a5000_browsecomp_canonical_bf16/Qwen_Qwen3.5-9B_centralized_k1_R2_N5.jsonl
BrowseCompplus,centralized,1,30,3,50,2.0,323.094,1894477.4,correct,a5000_browsecomp_canonical_bf16/Qwen_Qwen3.5-9B_centralized_k1_R30_N3.jsonl
BrowseCompplus,centralized,2,2,2,50,24.0,23.287,102616.9,correct,a5000_browsecomp_canonical_bf16/Qwen_Qwen3.5-9B_centralized_k2_R2_N2.jsonl
BrowseCompplus,centralized,2,2,3,50,34.0,38.843,147911.4,correct,final_qwen9b_canonical/BrowseCompplus/k_sweep/Qwen_Qwen3.5-9B_centralized_k2_R2.jsonl
BrowseCompplus,centralized,2,15,3,50,10.0,202.404,1479386.9,correct,a5000_browsecomp_canonical_bf16/Qwen_Qwen3.5-9B_centralized_k2_R15_N3.jsonl
BrowseCompplus,centralized,3,2,2,50,28.0,25.744,180846.9,correct,a5000_browsecomp_canonical_bf16/Qwen_Qwen3.5-9B_centralized_k3_R2_N2.jsonl
BrowseCompplus,centralized,3,2,3,50,36.0,43.184,248031.1,correct,final_qwen9b_canonical/BrowseCompplus/k_sweep/Qwen_Qwen3.5-9B_centralized_k3_R2.jsonl
BrowseCompplus,centralized,3,10,3,50,22.0,150.185,1345806.5,correct,a5000_browsecomp_canonical_bf16/Qwen_Qwen3.5-9B_centralized_k3_R10_N3.jsonl
BrowseCompplus,centralized,5,2,2,50,40.0,32.182,342416.8,correct,a5000_browsecomp_canonical_bf16/Qwen_Qwen3.5-9B_centralized_k5_R2_N2.jsonl
BrowseCompplus,centralized,5,2,3,50,40.0,50.728,453438.3,correct,final_qwen9b_canonical/BrowseCompplus/k_sweep/Qwen_Qwen3.5-9B_centralized_k5_R2.jsonl
BrowseCompplus,centralized,5,6,3,50,18.0,101.293,1283860.7,correct,a5000_browsecomp_canonical_bf16/Qwen_Qwen3.5-9B_centralized_k5_R6_N3.jsonl
BrowseCompplus,centralized,6,5,3,50,28.0,89.29,1152617.8,correct,a5000_browsecomp_canonical_bf16/Qwen_Qwen3.5-9B_centralized_k6_R5_N3.jsonl
BrowseCompplus,centralized,7,2,2,29,41.4,31.524,494546.1,correct,a5000_browsecomp_canonical_bf16/Qwen_Qwen3.5-9B_centralized_k7_R2_N2.jsonl
BrowseCompplus,centralized,7,2,3,50,36.0,61.682,695518.7,correct,final_qwen9b_canonical/BrowseCompplus/k_sweep/Qwen_Qwen3.5-9B_centralized_k7_R2.jsonl
BrowseCompplus,centralized,10,2,1,50,38.0,32.07,418652.4,correct,final_qwen9b_canonical/BrowseCompplus/n_sweep/Qwen_Qwen3.5-9B_centralized_k10_R2_N1.jsonl
BrowseCompplus,centralized,10,2,2,50,36.0,56.174,662319.5,correct,final_qwen9b_canonical/BrowseCompplus/n_sweep/Qwen_Qwen3.5-9B_centralized_k10_R2_N2.jsonl
BrowseCompplus,centralized,10,2,3,50,38.0,81.269,1025764.3,correct,final_qwen9b_canonical/BrowseCompplus/k_sweep/Qwen_Qwen3.5-9B_centralized_k10_R2.jsonl
BrowseCompplus,centralized,10,2,4,50,42.0,95.892,1338666.6,correct,final_qwen9b_canonical/BrowseCompplus/n_sweep/Qwen_Qwen3.5-9B_centralized_k10_R2_N4.jsonl
BrowseCompplus,centralized,10,2,5,50,46.0,119.599,1578481.5,correct,final_qwen9b_canonical/BrowseCompplus/n_sweep/Qwen_Qwen3.5-9B_centralized_k10_R2_N5.jsonl
BrowseCompplus,centralized,10,2,10,50,52.0,193.807,2968860.7,correct,final_qwen9b_canonical/BrowseCompplus/n_sweep/Qwen_Qwen3.5-9B_centralized_k10_R2_N10.jsonl
BrowseCompplus,centralized,10,3,3,50,30.0,59.613,1005871.2,correct,a5000_browsecomp_canonical_bf16/Qwen_Qwen3.5-9B_centralized_k10_R3_N3.jsonl
BrowseCompplus,centralized,15,2,3,50,40.0,55.519,977716.3,correct,a5000_browsecomp_canonical_bf16/Qwen_Qwen3.5-9B_centralized_k15_R2_N3.jsonl
BrowseCompplus,centralized,20,2,3,50,42.0,120.144,1753538.7,correct,final_qwen9b_canonical/BrowseCompplus/k_sweep/Qwen_Qwen3.5-9B_centralized_k20_R2.jsonl
BrowseCompplus,centralized,30,1,3,50,40.0,29.52,874773.8,correct,a5000_browsecomp_canonical_bf16/Qwen_Qwen3.5-9B_centralized_k30_R1_N3.jsonl
BrowseCompplus,centralized,30,2,2,49,38.8,46.754,1044387.2,correct,a5000_browsecomp_canonical_bf16/Qwen_Qwen3.5-9B_centralized_k30_R2_N2.jsonl
BrowseCompplus,centralized,30,2,3,50,52.0,186.144,2627202.6,correct,final_qwen9b_canonical/BrowseCompplus/k_sweep/Qwen_Qwen3.5-9B_centralized_k30_R2.jsonl
BrowseCompplus,centralized,50,2,3,50,36.0,240.629,3598425.9,correct,final_qwen9b_canonical/BrowseCompplus/k_sweep/Qwen_Qwen3.5-9B_centralized_k50_R2.jsonl
BrowseCompplus,decentralized,1,2,2,50,24.0,24.768,51254.6,correct,a5000_browsecomp_canonical_bf16/Qwen_Qwen3.5-9B_decentralized_k1_R2_N2.jsonl
BrowseCompplus,decentralized,1,2,3,50,22.0,38.162,81261.3,correct,final_qwen9b_canonical/BrowseCompplus/k_sweep/Qwen_Qwen3.5-9B_decentralized_k1.jsonl
BrowseCompplus,decentralized,1,2,4,50,26.0,39.325,113805.0,correct,a5000_browsecomp_canonical_bf16/Qwen_Qwen3.5-9B_decentralized_k1_R2_N4.jsonl
BrowseCompplus,decentralized,1,2,5,50,30.0,43.09,144172.4,correct,a5000_browsecomp_canonical_bf16/Qwen_Qwen3.5-9B_decentralized_k1_R2_N5.jsonl
BrowseCompplus,decentralized,1,30,3,50,28.0,249.782,1930886.9,correct,a5000_browsecomp_canonical_bf16/Qwen_Qwen3.5-9B_decentralized_k1_R30_N3.jsonl
BrowseCompplus,decentralized,2,2,2,50,38.0,20.032,128599.9,correct,a5000_browsecomp_canonical_bf16/Qwen_Qwen3.5-9B_decentralized_k2_R2_N2.jsonl
BrowseCompplus,decentralized,2,2,3,50,46.0,40.586,323606.7,correct,final_qwen9b_canonical/BrowseCompplus/k_sweep/Qwen_Qwen3.5-9B_decentralized_k2.jsonl
BrowseCompplus,decentralized,2,2,4,50,40.0,33.374,255201.8,correct,a5000_browsecomp_canonical_bf16/Qwen_Qwen3.5-9B_decentralized_k2_R2_N4.jsonl
BrowseCompplus,decentralized,2,2,5,50,36.0,40.773,318961.2,correct,a5000_browsecomp_canonical_bf16/Qwen_Qwen3.5-9B_decentralized_k2_R2_N5.jsonl
BrowseCompplus,decentralized,2,15,3,50,46.0,131.991,1184729.7,correct,a5000_browsecomp_canonical_bf16/Qwen_Qwen3.5-9B_decentralized_k2_R15_N3.jsonl
BrowseCompplus,decentralized,3,2,2,50,40.0,26.282,213516.5,correct,a5000_browsecomp_canonical_bf16/Qwen_Qwen3.5-9B_decentralized_k3_R2_N2.jsonl
BrowseCompplus,decentralized,3,2,3,50,46.0,52.291,452553.2,correct,final_qwen9b_canonical/BrowseCompplus/k_sweep/Qwen_Qwen3.5-9B_decentralized_k3.jsonl
BrowseCompplus,decentralized,3,2,4,50,50.0,39.75,369013.2,correct,a5000_browsecomp_canonical_bf16/Qwen_Qwen3.5-9B_decentralized_k3_R2_N4.jsonl
BrowseCompplus,decentralized,3,2,5,50,40.0,47.319,460293.2,correct,a5000_browsecomp_canonical_bf16/Qwen_Qwen3.5-9B_decentralized_k3_R2_N5.jsonl
BrowseCompplus,decentralized,3,10,3,50,46.0,96.406,949713.3,correct,a5000_browsecomp_canonical_bf16/Qwen_Qwen3.5-9B_decentralized_k3_R10_N3.jsonl
BrowseCompplus,decentralized,5,2,2,50,40.0,39.379,301928.8,correct,a5000_browsecomp_canonical_bf16/Qwen_Qwen3.5-9B_decentralized_k5_R2_N2.jsonl
BrowseCompplus,decentralized,5,2,3,50,52.0,73.306,657305.1,correct,final_qwen9b_canonical/BrowseCompplus/k_sweep/Qwen_Qwen3.5-9B_decentralized_k5.jsonl
BrowseCompplus,decentralized,5,2,4,50,48.0,64.45,552680.3,correct,a5000_browsecomp_canonical_bf16/Qwen_Qwen3.5-9B_decentralized_k5_R2_N4.jsonl
BrowseCompplus,decentralized,5,2,5,50,50.0,75.267,667428.5,correct,a5000_browsecomp_canonical_bf16/Qwen_Qwen3.5-9B_decentralized_k5_R2_N5.jsonl
BrowseCompplus,decentralized,5,6,3,50,40.0,77.688,743351.1,correct,a5000_browsecomp_canonical_bf16/Qwen_Qwen3.5-9B_decentralized_k5_R6_N3.jsonl
BrowseCompplus,decentralized,6,5,3,49,44.9,62.138,687054.6,correct,a5000_browsecomp_canonical_bf16/Qwen_Qwen3.5-9B_decentralized_k6_R5_N3.jsonl
BrowseCompplus,decentralized,7,2,2,50,44.0,33.681,421516.2,correct,a5000_browsecomp_canonical_bf16/Qwen_Qwen3.5-9B_decentralized_k7_R2_N2.jsonl
BrowseCompplus,decentralized,7,2,3,50,44.0,87.616,910471.3,correct,final_qwen9b_canonical/BrowseCompplus/k_sweep/Qwen_Qwen3.5-9B_decentralized_k7.jsonl
BrowseCompplus,decentralized,7,2,4,50,48.0,62.168,711355.2,correct,a5000_browsecomp_canonical_bf16/Qwen_Qwen3.5-9B_decentralized_k7_R2_N4.jsonl
BrowseCompplus,decentralized,7,2,5,50,46.0,67.356,857244.4,correct,a5000_browsecomp_canonical_bf16/Qwen_Qwen3.5-9B_decentralized_k7_R2_N5.jsonl
BrowseCompplus,decentralized,10,2,1,50,34.0,29.971,302505.5,correct,final_qwen9b_canonical/BrowseCompplus/n_sweep/Qwen_Qwen3.5-9B_decentralized_k10_R2_N1.jsonl
BrowseCompplus,decentralized,10,2,2,50,32.0,83.48,824794.5,correct,final_qwen9b_canonical/BrowseCompplus/n_sweep/Qwen_Qwen3.5-9B_decentralized_k10_R2_N2.jsonl
BrowseCompplus,decentralized,10,2,3,50,48.0,105.335,1010908.7,correct,final_qwen9b_canonical/BrowseCompplus/k_sweep/Qwen_Qwen3.5-9B_decentralized_k10.jsonl
BrowseCompplus,decentralized,10,2,4,50,46.0,120.479,1332616.2,correct,final_qwen9b_canonical/BrowseCompplus/n_sweep/Qwen_Qwen3.5-9B_decentralized_k10_R2_N4.jsonl
BrowseCompplus,decentralized,10,2,5,50,54.0,138.992,1372109.1,correct,final_qwen9b_canonical/BrowseCompplus/n_sweep/Qwen_Qwen3.5-9B_decentralized_k10_R2_N5.jsonl
BrowseCompplus,decentralized,10,2,10,50,54.0,275.073,2668573.8,correct,final_qwen9b_canonical/BrowseCompplus/n_sweep/Qwen_Qwen3.5-9B_decentralized_k10_R2_N10.jsonl
BrowseCompplus,decentralized,10,3,3,50,38.0,47.144,600000.2,correct,a5000_browsecomp_canonical_bf16/Qwen_Qwen3.5-9B_decentralized_k10_R3_N3.jsonl
BrowseCompplus,decentralized,15,2,2,50,44.0,38.756,546274.7,correct,a5000_browsecomp_canonical_bf16/Qwen_Qwen3.5-9B_decentralized_k15_R2_N2.jsonl
BrowseCompplus,decentralized,15,2,3,50,50.0,45.268,669222.7,correct,a5000_browsecomp_canonical_bf16/Qwen_Qwen3.5-9B_decentralized_k15_R2_N3.jsonl
BrowseCompplus,decentralized,15,2,4,50,48.0,63.918,1022350.1,correct,a5000_browsecomp_canonical_bf16/Qwen_Qwen3.5-9B_decentralized_k15_R2_N4.jsonl
BrowseCompplus,decentralized,15,2,5,50,48.0,83.661,1314858.0,correct,a5000_browsecomp_canonical_bf16/Qwen_Qwen3.5-9B_decentralized_k15_R2_N5.jsonl
BrowseCompplus,decentralized,20,2,3,50,50.0,133.641,1639099.8,correct,final_qwen9b_canonical/BrowseCompplus/k_sweep/Qwen_Qwen3.5-9B_decentralized_k20.jsonl
BrowseCompplus,decentralized,30,1,3,50,42.0,33.077,588885.5,correct,a5000_browsecomp_canonical_bf16/Qwen_Qwen3.5-9B_decentralized_k30_R1_N3.jsonl
BrowseCompplus,decentralized,30,2,2,50,34.0,54.088,793325.6,correct,a5000_browsecomp_canonical_bf16/Qwen_Qwen3.5-9B_decentralized_k30_R2_N2.jsonl
BrowseCompplus,decentralized,30,2,3,50,44.0,197.164,2625446.5,correct,final_qwen9b_canonical/BrowseCompplus/k_sweep/Qwen_Qwen3.5-9B_decentralized_k30.jsonl
BrowseCompplus,decentralized,30,2,4,50,46.0,74.557,1284017.7,correct,a5000_browsecomp_canonical_bf16/Qwen_Qwen3.5-9B_decentralized_k30_R2_N4.jsonl
BrowseCompplus,decentralized,30,2,5,50,48.0,95.802,1704268.5,correct,a5000_browsecomp_canonical_bf16/Qwen_Qwen3.5-9B_decentralized_k30_R2_N5.jsonl
BrowseCompplus,decentralized,50,2,2,50,32.0,46.795,888542.7,correct,a5000_browsecomp_canonical_bf16/Qwen_Qwen3.5-9B_decentralized_k50_R2_N2.jsonl
BrowseCompplus,decentralized,50,2,3,50,52.0,246.838,2724151.8,correct,final_qwen9b_canonical/BrowseCompplus/k_sweep/Qwen_Qwen3.5-9B_decentralized_k50.jsonl
BrowseCompplus,decentralized,50,2,4,50,50.0,77.321,1515492.5,correct,a5000_browsecomp_canonical_bf16/Qwen_Qwen3.5-9B_decentralized_k50_R2_N4.jsonl
BrowseCompplus,decentralized,50,2,5,50,60.0,90.002,1946753.0,correct,a5000_browsecomp_canonical_bf16/Qwen_Qwen3.5-9B_decentralized_k50_R2_N5.jsonl
BrowseCompplus,independent,1,,2,50,18.0,16.568,18952.2,correct,a5000_browsecomp_canonical_bf16/Qwen_Qwen3.5-9B_independent_k1_N2.jsonl
BrowseCompplus,independent,1,,3,50,16.0,21.617,26663.7,correct,final_qwen9b_canonical/BrowseCompplus/k_sweep/Qwen_Qwen3.5-9B_independent_k1.jsonl
BrowseCompplus,independent,1,,4,50,20.0,23.893,35913.8,correct,a5000_browsecomp_canonical_bf16/Qwen_Qwen3.5-9B_independent_k1_N4.jsonl
BrowseCompplus,independent,1,,5,50,24.0,20.399,39661.0,correct,a5000_browsecomp_canonical_bf16/Qwen_Qwen3.5-9B_independent_k1_N5.jsonl
BrowseCompplus,independent,2,,2,50,28.0,15.339,40639.7,correct,a5000_browsecomp_canonical_bf16/Qwen_Qwen3.5-9B_independent_k2_N2.jsonl
BrowseCompplus,independent,2,,3,50,30.0,18.852,62168.4,correct,final_qwen9b_canonical/BrowseCompplus/k_sweep/Qwen_Qwen3.5-9B_independent_k2.jsonl
BrowseCompplus,independent,2,,4,50,34.0,19.58,81390.3,correct,a5000_browsecomp_canonical_bf16/Qwen_Qwen3.5-9B_independent_k2_N4.jsonl
BrowseCompplus,independent,2,,5,50,34.0,23.699,104453.1,correct,a5000_browsecomp_canonical_bf16/Qwen_Qwen3.5-9B_independent_k2_N5.jsonl
BrowseCompplus,independent,3,,2,50,34.0,20.368,82900.3,correct,a5000_browsecomp_canonical_bf16/Qwen_Qwen3.5-9B_independent_k3_N2.jsonl
BrowseCompplus,independent,3,,3,50,42.0,23.727,116306.9,correct,final_qwen9b_canonical/BrowseCompplus/k_sweep/Qwen_Qwen3.5-9B_independent_k3.jsonl
BrowseCompplus,independent,3,,4,50,36.0,25.413,143209.0,correct,a5000_browsecomp_canonical_bf16/Qwen_Qwen3.5-9B_independent_k3_N4.jsonl
BrowseCompplus,independent,3,,5,50,44.0,32.25,190313.6,correct,a5000_browsecomp_canonical_bf16/Qwen_Qwen3.5-9B_independent_k3_N5.jsonl
BrowseCompplus,independent,5,,2,50,42.0,22.995,160215.9,correct,a5000_browsecomp_canonical_bf16/Qwen_Qwen3.5-9B_independent_k5_N2.jsonl
BrowseCompplus,independent,5,,3,50,46.0,29.54,212061.0,correct,final_qwen9b_canonical/BrowseCompplus/k_sweep/Qwen_Qwen3.5-9B_independent_k5.jsonl
BrowseCompplus,independent,5,,4,50,46.0,42.623,323590.7,correct,a5000_browsecomp_canonical_bf16/Qwen_Qwen3.5-9B_independent_k5_N4.jsonl
BrowseCompplus,independent,5,,5,50,46.0,49.602,379225.7,correct,a5000_browsecomp_canonical_bf16/Qwen_Qwen3.5-9B_independent_k5_N5.jsonl
BrowseCompplus,independent,7,,2,50,44.0,22.658,185148.0,correct,a5000_browsecomp_canonical_bf16/Qwen_Qwen3.5-9B_independent_k7_N2.jsonl
BrowseCompplus,independent,7,,3,50,44.0,35.23,306842.9,correct,final_qwen9b_canonical/BrowseCompplus/k_sweep/Qwen_Qwen3.5-9B_independent_k7.jsonl
BrowseCompplus,independent,7,,4,50,42.0,39.29,433097.1,correct,a5000_browsecomp_canonical_bf16/Qwen_Qwen3.5-9B_independent_k7_N4.jsonl
BrowseCompplus,independent,7,,5,50,52.0,40.428,529108.2,correct,a5000_browsecomp_canonical_bf16/Qwen_Qwen3.5-9B_independent_k7_N5.jsonl
BrowseCompplus,independent,10,,2,50,38.0,25.091,318108.9,correct,a5000_browsecomp_canonical_bf16/Qwen_Qwen3.5-9B_independent_k10_N2.jsonl
BrowseCompplus,independent,10,,3,50,50.0,50.77,484278.4,correct,final_qwen9b_canonical/BrowseCompplus/k_sweep/Qwen_Qwen3.5-9B_independent_k10.jsonl
BrowseCompplus,independent,15,,2,50,38.0,26.654,414174.0,correct,a5000_browsecomp_canonical_bf16/Qwen_Qwen3.5-9B_independent_k15_N2.jsonl
BrowseCompplus,independent,15,,3,50,48.0,59.607,723204.3,correct,final_qwen9b_canonical/BrowseCompplus/k_sweep/Qwen_Qwen3.5-9B_independent_k15.jsonl
BrowseCompplus,independent,15,,4,50,54.0,49.337,812713.9,correct,a5000_browsecomp_canonical_bf16/Qwen_Qwen3.5-9B_independent_k15_N4.jsonl
BrowseCompplus,independent,15,,5,50,42.0,62.375,1104850.1,correct,a5000_browsecomp_canonical_bf16/Qwen_Qwen3.5-9B_independent_k15_N5.jsonl
BrowseCompplus,independent,20,,2,50,34.0,24.106,353991.8,correct,a5000_browsecomp_canonical_bf16/Qwen_Qwen3.5-9B_independent_k20_N2.jsonl
BrowseCompplus,independent,20,,3,50,38.0,29.741,526970.0,correct,a5000_browsecomp_canonical_bf16/Qwen_Qwen3.5-9B_independent_k20_N3.jsonl
BrowseCompplus,independent,20,,4,50,42.0,39.359,760541.7,correct,a5000_browsecomp_canonical_bf16/Qwen_Qwen3.5-9B_independent_k20_N4.jsonl
BrowseCompplus,independent,20,,5,50,46.0,45.422,908856.5,correct,a5000_browsecomp_canonical_bf16/Qwen_Qwen3.5-9B_independent_k20_N5.jsonl
BrowseCompplus,independent,20,,10,50,54.0,88.721,1868928.1,correct,a5000_browsecomp_canonical_bf16/Qwen_Qwen3.5-9B_independent_k20_N10.jsonl
BrowseCompplus,independent,30,,2,50,42.0,32.184,513933.2,correct,a5000_browsecomp_canonical_bf16/Qwen_Qwen3.5-9B_independent_k30_N2.jsonl
BrowseCompplus,independent,30,,3,50,52.0,91.929,1231107.2,correct,final_qwen9b_canonical/BrowseCompplus/k_sweep/Qwen_Qwen3.5-9B_independent_k30.jsonl
BrowseCompplus,independent,30,,4,50,48.0,50.38,993702.9,correct,a5000_browsecomp_canonical_bf16/Qwen_Qwen3.5-9B_independent_k30_N4.jsonl
BrowseCompplus,independent,30,,5,50,44.0,64.093,1283743.4,correct,a5000_browsecomp_canonical_bf16/Qwen_Qwen3.5-9B_independent_k30_N5.jsonl
BrowseCompplus,independent,50,,2,50,36.0,28.785,510570.7,correct,a5000_browsecomp_canonical_bf16/Qwen_Qwen3.5-9B_independent_k50_N2.jsonl
BrowseCompplus,independent,50,,3,50,50.0,132.34,1761469.6,correct,final_qwen9b_canonical/BrowseCompplus/k_sweep/Qwen_Qwen3.5-9B_independent_k50.jsonl
BrowseCompplus,independent,50,,4,50,48.0,59.091,1181153.4,correct,a5000_browsecomp_canonical_bf16/Qwen_Qwen3.5-9B_independent_k50_N4.jsonl
BrowseCompplus,independent,50,,5,50,58.0,67.816,1381236.1,correct,a5000_browsecomp_canonical_bf16/Qwen_Qwen3.5-9B_independent_k50_N5.jsonl
BrowseCompplus,sas,1,,1,50,10.0,2.487,7309.4,correct,final_qwen9b_canonical/BrowseCompplus/k_sweep/Qwen_Qwen3.5-9B_sas_k1.jsonl
BrowseCompplus,sas,2,,1,50,18.0,2.678,19875.9,correct,final_qwen9b_canonical/BrowseCompplus/k_sweep/Qwen_Qwen3.5-9B_sas_k2.jsonl
BrowseCompplus,sas,3,,1,50,26.0,6.178,37344.1,correct,final_qwen9b_canonical/BrowseCompplus/k_sweep/Qwen_Qwen3.5-9B_sas_k3.jsonl
BrowseCompplus,sas,5,,1,50,34.0,10.423,73459.4,correct,final_qwen9b_canonical/BrowseCompplus/k_sweep/Qwen_Qwen3.5-9B_sas_k5.jsonl
BrowseCompplus,sas,7,,1,50,32.0,12.311,110639.4,correct,final_qwen9b_canonical/BrowseCompplus/k_sweep/Qwen_Qwen3.5-9B_sas_k7.jsonl
BrowseCompplus,sas,10,,1,50,36.0,17.087,154142.0,correct,final_qwen9b_canonical/BrowseCompplus/k_sweep/Qwen_Qwen3.5-9B_sas_k10.jsonl
BrowseCompplus,sas,15,,1,50,36.0,19.092,247456.3,correct,final_qwen9b_canonical/BrowseCompplus/k_sweep/Qwen_Qwen3.5-9B_sas_k15.jsonl
BrowseCompplus,sas,20,,1,50,34.0,21.948,313518.4,correct,final_qwen9b_canonical/BrowseCompplus/k_sweep/Qwen_Qwen3.5-9B_sas_k20.jsonl
BrowseCompplus,sas,30,,1,50,36.0,29.963,457810.4,correct,final_qwen9b_canonical/BrowseCompplus/k_sweep/Qwen_Qwen3.5-9B_sas_k30.jsonl
BrowseCompplus,sas,50,,1,50,36.0,45.29,740490.4,correct,final_qwen9b_canonical/BrowseCompplus/k_sweep/Qwen_Qwen3.5-9B_sas_k50.jsonl
FanOutQA,centralized,1,2,2,50,56.8,10.499,33129.5,loose_accuracy,a5000_fanoutqa_canonical_bf16/Qwen_Qwen3.5-9B_centralized_k1_R2_N2.jsonl
FanOutQA,centralized,1,2,3,50,54.6,19.331,56466.7,loose_accuracy,final_qwen9b_canonical/FanOutQA/k_sweep/Qwen_Qwen3.5-9B_centralized_k1_R2.jsonl
FanOutQA,centralized,1,2,4,50,54.2,16.23,64528.6,loose_accuracy,a5000_fanoutqa_canonical_bf16/Qwen_Qwen3.5-9B_centralized_k1_R2_N4.jsonl
FanOutQA,centralized,1,30,3,50,49.0,308.469,1632735.6,loose_accuracy,a5000_fanoutqa_canonical_bf16/Qwen_Qwen3.5-9B_centralized_k1_R30_N3.jsonl
FanOutQA,centralized,2,2,2,50,50.8,16.638,134686.7,loose_accuracy,a5000_fanoutqa_canonical_bf16/Qwen_Qwen3.5-9B_centralized_k2_R2_N2.jsonl
FanOutQA,centralized,2,2,3,50,61.2,26.51,216429.3,loose_accuracy,final_qwen9b_canonical/FanOutQA/k_sweep/Qwen_Qwen3.5-9B_centralized_k2_R2.jsonl
FanOutQA,centralized,2,15,3,50,43.1,120.607,859175.6,loose_accuracy,a5000_fanoutqa_canonical_bf16/Qwen_Qwen3.5-9B_centralized_k2_R15_N3.jsonl
FanOutQA,centralized,3,2,2,50,54.1,16.696,175953.0,loose_accuracy,a5000_fanoutqa_canonical_bf16/Qwen_Qwen3.5-9B_centralized_k3_R2_N2.jsonl
FanOutQA,centralized,3,2,3,50,66.0,33.433,309088.3,loose_accuracy,final_qwen9b_canonical/FanOutQA/k_sweep/Qwen_Qwen3.5-9B_centralized_k3_R2.jsonl
FanOutQA,centralized,5,2,2,50,50.5,18.606,218470.5,loose_accuracy,a5000_fanoutqa_canonical_bf16/Qwen_Qwen3.5-9B_centralized_k5_R2_N2.jsonl
FanOutQA,centralized,5,2,3,50,67.5,40.862,458375.6,loose_accuracy,final_qwen9b_canonical/FanOutQA/k_sweep/Qwen_Qwen3.5-9B_centralized_k5_R2.jsonl
FanOutQA,centralized,7,2,2,50,47.5,18.083,217698.8,loose_accuracy,a5000_fanoutqa_canonical_bf16/Qwen_Qwen3.5-9B_centralized_k7_R2_N2.jsonl
FanOutQA,centralized,7,2,3,50,67.1,45.045,611674.9,loose_accuracy,final_qwen9b_canonical/FanOutQA/k_sweep/Qwen_Qwen3.5-9B_centralized_k7_R2.jsonl
FanOutQA,centralized,10,2,1,50,57.5,20.576,316892.5,loose_accuracy,final_qwen9b_canonical/FanOutQA/n_sweep/Qwen_Qwen3.5-9B_centralized_k10_R2_N1.jsonl
FanOutQA,centralized,10,2,2,50,65.0,40.523,529205.3,loose_accuracy,final_qwen9b_canonical/FanOutQA/n_sweep/Qwen_Qwen3.5-9B_centralized_k10_R2_N2.jsonl
FanOutQA,centralized,10,2,3,50,67.5,55.952,785156.1,loose_accuracy,final_qwen9b_canonical/FanOutQA/k_sweep/Qwen_Qwen3.5-9B_centralized_k10_R2.jsonl
FanOutQA,centralized,10,2,4,50,68.9,59.262,819861.8,loose_accuracy,final_qwen9b_canonical/FanOutQA/n_sweep/Qwen_Qwen3.5-9B_centralized_k10_R2_N4.jsonl
FanOutQA,centralized,10,2,5,50,72.6,72.132,998195.1,loose_accuracy,final_qwen9b_canonical/FanOutQA/n_sweep/Qwen_Qwen3.5-9B_centralized_k10_R2_N5.jsonl
FanOutQA,centralized,10,2,10,50,58.1,85.417,903970.5,loose_accuracy,final_qwen9b_canonical/FanOutQA/n_sweep/Qwen_Qwen3.5-9B_centralized_k10_R2_N10.jsonl
FanOutQA,centralized,10,3,3,50,41.6,33.089,349224.5,loose_accuracy,a5000_fanoutqa_canonical_bf16/Qwen_Qwen3.5-9B_centralized_k10_R3_N3.jsonl
FanOutQA,centralized,15,2,2,50,44.3,17.694,216249.2,loose_accuracy,a5000_fanoutqa_canonical_bf16/Qwen_Qwen3.5-9B_centralized_k15_R2_N2.jsonl
FanOutQA,centralized,15,2,3,50,49.2,27.51,267182.4,loose_accuracy,a5000_fanoutqa_canonical_bf16/Qwen_Qwen3.5-9B_centralized_k15_R2_N3.jsonl
FanOutQA,centralized,20,2,3,50,68.4,63.738,1088940.7,loose_accuracy,final_qwen9b_canonical/FanOutQA/k_sweep/Qwen_Qwen3.5-9B_centralized_k20_R2.jsonl
FanOutQA,centralized,30,1,3,50,49.9,14.996,181657.8,loose_accuracy,a5000_fanoutqa_canonical_bf16/Qwen_Qwen3.5-9B_centralized_k30_R1_N3.jsonl
FanOutQA,centralized,30,2,2,50,45.1,18.123,234089.2,loose_accuracy,a5000_fanoutqa_canonical_bf16/Qwen_Qwen3.5-9B_centralized_k30_R2_N2.jsonl
FanOutQA,centralized,30,2,3,50,68.9,81.318,1349999.2,loose_accuracy,final_qwen9b_canonical/FanOutQA/k_sweep/Qwen_Qwen3.5-9B_centralized_k30_R2.jsonl
FanOutQA,centralized,50,2,3,50,71.1,83.116,1682946.5,loose_accuracy,final_qwen9b_canonical/FanOutQA/k_sweep/Qwen_Qwen3.5-9B_centralized_k50_R2.jsonl
FanOutQA,decentralized,1,2,2,50,55.0,13.229,23854.4,loose_accuracy,a5000_fanoutqa_canonical_bf16/Qwen_Qwen3.5-9B_decentralized_k1_R2_N2.jsonl
FanOutQA,decentralized,1,2,3,50,59.1,21.942,58092.2,loose_accuracy,final_qwen9b_canonical/FanOutQA/k_sweep/Qwen_Qwen3.5-9B_decentralized_k1.jsonl
FanOutQA,decentralized,1,2,4,50,59.3,18.312,44334.5,loose_accuracy,a5000_fanoutqa_canonical_bf16/Qwen_Qwen3.5-9B_decentralized_k1_R2_N4.jsonl
FanOutQA,decentralized,1,2,5,50,59.5,25.118,66959.1,loose_accuracy,a5000_fanoutqa_canonical_bf16/Qwen_Qwen3.5-9B_decentralized_k1_R2_N5.jsonl
FanOutQA,decentralized,1,30,3,50,56.4,217.009,1461746.6,loose_accuracy,a5000_fanoutqa_canonical_bf16/Qwen_Qwen3.5-9B_decentralized_k1_R30_N3.jsonl
FanOutQA,decentralized,2,2,2,50,61.3,16.699,98620.2,loose_accuracy,a5000_fanoutqa_canonical_bf16/Qwen_Qwen3.5-9B_decentralized_k2_R2_N2.jsonl
FanOutQA,decentralized,2,2,3,50,64.3,48.833,278463.4,loose_accuracy,final_qwen9b_canonical/FanOutQA/k_sweep/Qwen_Qwen3.5-9B_decentralized_k2.jsonl
FanOutQA,decentralized,2,2,4,50,66.8,30.868,172879.8,loose_accuracy,a5000_fanoutqa_canonical_bf16/Qwen_Qwen3.5-9B_decentralized_k2_R2_N4.jsonl
FanOutQA,decentralized,2,2,5,50,67.6,41.405,220401.5,loose_accuracy,a5000_fanoutqa_canonical_bf16/Qwen_Qwen3.5-9B_decentralized_k2_R2_N5.jsonl
FanOutQA,decentralized,2,15,3,50,59.9,122.071,862811.8,loose_accuracy,a5000_fanoutqa_canonical_bf16/Qwen_Qwen3.5-9B_decentralized_k2_R15_N3.jsonl
FanOutQA,decentralized,3,2,2,50,66.1,19.787,122643.3,loose_accuracy,a5000_fanoutqa_canonical_bf16/Qwen_Qwen3.5-9B_decentralized_k3_R2_N2.jsonl
FanOutQA,decentralized,3,2,3,50,66.9,41.049,359496.9,loose_accuracy,final_qwen9b_canonical/FanOutQA/k_sweep/Qwen_Qwen3.5-9B_decentralized_k3.jsonl
FanOutQA,decentralized,3,2,4,50,65.1,27.528,225222.1,loose_accuracy,a5000_fanoutqa_canonical_bf16/Qwen_Qwen3.5-9B_decentralized_k3_R2_N4.jsonl
FanOutQA,decentralized,3,2,5,50,68.2,38.412,299707.0,loose_accuracy,a5000_fanoutqa_canonical_bf16/Qwen_Qwen3.5-9B_decentralized_k3_R2_N5.jsonl
FanOutQA,decentralized,3,10,3,50,65.3,81.059,609519.8,loose_accuracy,a5000_fanoutqa_canonical_bf16/Qwen_Qwen3.5-9B_decentralized_k3_R10_N3.jsonl
FanOutQA,decentralized,5,2,2,50,66.9,18.054,180145.0,loose_accuracy,a5000_fanoutqa_canonical_bf16/Qwen_Qwen3.5-9B_decentralized_k5_R2_N2.jsonl
FanOutQA,decentralized,5,2,3,50,72.7,52.574,510455.5,loose_accuracy,final_qwen9b_canonical/FanOutQA/k_sweep/Qwen_Qwen3.5-9B_decentralized_k5.jsonl
FanOutQA,decentralized,5,2,4,50,66.0,32.288,343387.4,loose_accuracy,a5000_fanoutqa_canonical_bf16/Qwen_Qwen3.5-9B_decentralized_k5_R2_N4.jsonl
FanOutQA,decentralized,5,2,5,50,68.1,41.035,373619.8,loose_accuracy,a5000_fanoutqa_canonical_bf16/Qwen_Qwen3.5-9B_decentralized_k5_R2_N5.jsonl
FanOutQA,decentralized,5,6,3,50,64.1,52.651,432678.4,loose_accuracy,a5000_fanoutqa_canonical_bf16/Qwen_Qwen3.5-9B_decentralized_k5_R6_N3.jsonl
FanOutQA,decentralized,6,5,3,50,63.5,45.978,381363.4,loose_accuracy,a5000_fanoutqa_canonical_bf16/Qwen_Qwen3.5-9B_decentralized_k6_R5_N3.jsonl
FanOutQA,decentralized,7,2,2,50,62.9,19.0,235484.2,loose_accuracy,a5000_fanoutqa_canonical_bf16/Qwen_Qwen3.5-9B_decentralized_k7_R2_N2.jsonl
FanOutQA,decentralized,7,2,3,50,72.0,56.076,599014.8,loose_accuracy,final_qwen9b_canonical/FanOutQA/k_sweep/Qwen_Qwen3.5-9B_decentralized_k7.jsonl
FanOutQA,decentralized,7,2,4,50,68.1,32.966,358452.4,loose_accuracy,a5000_fanoutqa_canonical_bf16/Qwen_Qwen3.5-9B_decentralized_k7_R2_N4.jsonl
FanOutQA,decentralized,7,2,5,50,65.1,38.255,436259.8,loose_accuracy,a5000_fanoutqa_canonical_bf16/Qwen_Qwen3.5-9B_decentralized_k7_R2_N5.jsonl
FanOutQA,decentralized,10,2,1,50,62.3,16.092,237191.6,loose_accuracy,final_qwen9b_canonical/FanOutQA/n_sweep/Qwen_Qwen3.5-9B_decentralized_k10_R2_N1.jsonl
FanOutQA,decentralized,10,2,2,50,70.4,39.919,495467.7,loose_accuracy,final_qwen9b_canonical/FanOutQA/n_sweep/Qwen_Qwen3.5-9B_decentralized_k10_R2_N2.jsonl
FanOutQA,decentralized,10,2,3,50,72.4,63.563,792595.2,loose_accuracy,final_qwen9b_canonical/FanOutQA/k_sweep/Qwen_Qwen3.5-9B_decentralized_k10.jsonl
FanOutQA,decentralized,10,2,4,50,71.6,88.545,937700.1,loose_accuracy,final_qwen9b_canonical/FanOutQA/n_sweep/Qwen_Qwen3.5-9B_decentralized_k10_R2_N4.jsonl
FanOutQA,decentralized,10,2,5,50,74.3,104.447,1135241.2,loose_accuracy,final_qwen9b_canonical/FanOutQA/n_sweep/Qwen_Qwen3.5-9B_decentralized_k10_R2_N5.jsonl
FanOutQA,decentralized,10,2,10,50,68.0,93.828,1026957.4,loose_accuracy,final_qwen9b_canonical/FanOutQA/n_sweep/Qwen_Qwen3.5-9B_decentralized_k10_R2_N10.jsonl
FanOutQA,decentralized,10,3,3,50,61.5,33.974,339481.0,loose_accuracy,a5000_fanoutqa_canonical_bf16/Qwen_Qwen3.5-9B_decentralized_k10_R3_N3.jsonl
FanOutQA,decentralized,15,2,2,50,66.8,18.684,166643.9,loose_accuracy,a5000_fanoutqa_canonical_bf16/Qwen_Qwen3.5-9B_decentralized_k15_R2_N2.jsonl
FanOutQA,decentralized,15,2,3,50,63.6,22.165,277397.7,loose_accuracy,a5000_fanoutqa_canonical_bf16/Qwen_Qwen3.5-9B_decentralized_k15_R2_N3.jsonl
FanOutQA,decentralized,15,2,4,50,68.0,37.631,422472.8,loose_accuracy,a5000_fanoutqa_canonical_bf16/Qwen_Qwen3.5-9B_decentralized_k15_R2_N4.jsonl
FanOutQA,decentralized,15,2,5,50,65.8,43.278,533576.3,loose_accuracy,a5000_fanoutqa_canonical_bf16/Qwen_Qwen3.5-9B_decentralized_k15_R2_N5.jsonl
FanOutQA,decentralized,20,2,3,50,73.3,68.758,1059438.2,loose_accuracy,final_qwen9b_canonical/FanOutQA/k_sweep/Qwen_Qwen3.5-9B_decentralized_k20.jsonl
FanOutQA,decentralized,30,1,3,50,66.5,18.658,202156.3,loose_accuracy,a5000_fanoutqa_canonical_bf16/Qwen_Qwen3.5-9B_decentralized_k30_R1_N3.jsonl
FanOutQA,decentralized,30,2,2,50,64.7,20.098,204496.9,loose_accuracy,a5000_fanoutqa_canonical_bf16/Qwen_Qwen3.5-9B_decentralized_k30_R2_N2.jsonl
FanOutQA,decentralized,30,2,3,50,71.8,79.479,1285791.8,loose_accuracy,final_qwen9b_canonical/FanOutQA/k_sweep/Qwen_Qwen3.5-9B_decentralized_k30.jsonl
FanOutQA,decentralized,30,2,4,50,64.4,31.237,525389.1,loose_accuracy,a5000_fanoutqa_canonical_bf16/Qwen_Qwen3.5-9B_decentralized_k30_R2_N4.jsonl
FanOutQA,decentralized,30,2,5,50,67.4,40.864,563780.6,loose_accuracy,a5000_fanoutqa_canonical_bf16/Qwen_Qwen3.5-9B_decentralized_k30_R2_N5.jsonl
FanOutQA,decentralized,50,2,2,50,66.8,19.495,244644.7,loose_accuracy,a5000_fanoutqa_canonical_bf16/Qwen_Qwen3.5-9B_decentralized_k50_R2_N2.jsonl
FanOutQA,decentralized,50,2,3,50,74.0,83.818,1462532.1,loose_accuracy,final_qwen9b_canonical/FanOutQA/k_sweep/Qwen_Qwen3.5-9B_decentralized_k50.jsonl
FanOutQA,decentralized,50,2,4,50,66.4,33.923,539374.4,loose_accuracy,a5000_fanoutqa_canonical_bf16/Qwen_Qwen3.5-9B_decentralized_k50_R2_N4.jsonl
FanOutQA,decentralized,50,2,5,50,67.1,42.107,630966.3,loose_accuracy,a5000_fanoutqa_canonical_bf16/Qwen_Qwen3.5-9B_decentralized_k50_R2_N5.jsonl
FanOutQA,independent,1,,2,50,58.9,7.539,8366.8,loose_accuracy,a5000_fanoutqa_canonical_bf16/Qwen_Qwen3.5-9B_independent_k1_N2.jsonl
FanOutQA,independent,1,,3,50,57.6,11.122,17139.5,loose_accuracy,final_qwen9b_canonical/FanOutQA/k_sweep/Qwen_Qwen3.5-9B_independent_k1.jsonl
FanOutQA,independent,1,,4,50,58.3,7.885,11951.1,loose_accuracy,a5000_fanoutqa_canonical_bf16/Qwen_Qwen3.5-9B_independent_k1_N4.jsonl
FanOutQA,independent,1,,5,50,55.4,10.697,16426.9,loose_accuracy,a5000_fanoutqa_canonical_bf16/Qwen_Qwen3.5-9B_independent_k1_N5.jsonl
FanOutQA,independent,2,,2,50,58.8,10.996,32782.8,loose_accuracy,a5000_fanoutqa_canonical_bf16/Qwen_Qwen3.5-9B_independent_k2_N2.jsonl
FanOutQA,independent,2,,3,50,61.6,15.333,58839.8,loose_accuracy,final_qwen9b_canonical/FanOutQA/k_sweep/Qwen_Qwen3.5-9B_independent_k2.jsonl
FanOutQA,independent,2,,4,50,66.3,14.206,63777.0,loose_accuracy,a5000_fanoutqa_canonical_bf16/Qwen_Qwen3.5-9B_independent_k2_N4.jsonl
FanOutQA,independent,2,,5,50,62.0,19.302,76452.0,loose_accuracy,a5000_fanoutqa_canonical_bf16/Qwen_Qwen3.5-9B_independent_k2_N5.jsonl
FanOutQA,independent,3,,2,50,58.0,11.268,45745.9,loose_accuracy,a5000_fanoutqa_canonical_bf16/Qwen_Qwen3.5-9B_independent_k3_N2.jsonl
FanOutQA,independent,3,,3,50,66.0,18.18,75623.1,loose_accuracy,final_qwen9b_canonical/FanOutQA/k_sweep/Qwen_Qwen3.5-9B_independent_k3.jsonl
FanOutQA,independent,3,,4,50,64.3,21.226,89617.5,loose_accuracy,a5000_fanoutqa_canonical_bf16/Qwen_Qwen3.5-9B_independent_k3_N4.jsonl
FanOutQA,independent,3,,5,50,65.7,22.883,115089.4,loose_accuracy,a5000_fanoutqa_canonical_bf16/Qwen_Qwen3.5-9B_independent_k3_N5.jsonl
FanOutQA,independent,5,,2,50,64.7,9.886,66536.5,loose_accuracy,a5000_fanoutqa_canonical_bf16/Qwen_Qwen3.5-9B_independent_k5_N2.jsonl
FanOutQA,independent,5,,3,50,64.0,23.107,131741.4,loose_accuracy,final_qwen9b_canonical/FanOutQA/k_sweep/Qwen_Qwen3.5-9B_independent_k5.jsonl
FanOutQA,independent,5,,4,50,66.8,18.289,128410.9,loose_accuracy,a5000_fanoutqa_canonical_bf16/Qwen_Qwen3.5-9B_independent_k5_N4.jsonl
FanOutQA,independent,5,,5,50,67.1,22.502,158598.5,loose_accuracy,a5000_fanoutqa_canonical_bf16/Qwen_Qwen3.5-9B_independent_k5_N5.jsonl
FanOutQA,independent,7,,2,50,61.6,12.592,97302.2,loose_accuracy,a5000_fanoutqa_canonical_bf16/Qwen_Qwen3.5-9B_independent_k7_N2.jsonl
FanOutQA,independent,7,,3,50,66.3,20.942,161751.5,loose_accuracy,final_qwen9b_canonical/FanOutQA/k_sweep/Qwen_Qwen3.5-9B_independent_k7.jsonl
FanOutQA,independent,7,,4,50,66.6,20.687,166731.3,loose_accuracy,a5000_fanoutqa_canonical_bf16/Qwen_Qwen3.5-9B_independent_k7_N4.jsonl
FanOutQA,independent,7,,5,50,65.7,22.777,226030.4,loose_accuracy,a5000_fanoutqa_canonical_bf16/Qwen_Qwen3.5-9B_independent_k7_N5.jsonl
FanOutQA,independent,10,,2,50,65.3,11.642,99025.2,loose_accuracy,a5000_fanoutqa_canonical_bf16/Qwen_Qwen3.5-9B_independent_k10_N2.jsonl
FanOutQA,independent,10,,3,50,67.4,24.395,221815.3,loose_accuracy,final_qwen9b_canonical/FanOutQA/k_sweep/Qwen_Qwen3.5-9B_independent_k10.jsonl
FanOutQA,independent,10,,4,50,68.0,20.085,208935.7,loose_accuracy,a5000_fanoutqa_canonical_bf16/Qwen_Qwen3.5-9B_independent_k10_N4.jsonl
FanOutQA,independent,15,,2,50,62.4,10.659,98822.0,loose_accuracy,a5000_fanoutqa_canonical_bf16/Qwen_Qwen3.5-9B_independent_k15_N2.jsonl
FanOutQA,independent,15,,3,50,70.2,25.824,268455.1,loose_accuracy,final_qwen9b_canonical/FanOutQA/k_sweep/Qwen_Qwen3.5-9B_independent_k15.jsonl
FanOutQA,independent,15,,4,50,64.9,19.224,219992.4,loose_accuracy,a5000_fanoutqa_canonical_bf16/Qwen_Qwen3.5-9B_independent_k15_N4.jsonl
FanOutQA,independent,15,,5,50,65.6,26.733,246637.4,loose_accuracy,a5000_fanoutqa_canonical_bf16/Qwen_Qwen3.5-9B_independent_k15_N5.jsonl
FanOutQA,independent,20,,2,50,63.6,11.88,102483.9,loose_accuracy,a5000_fanoutqa_canonical_bf16/Qwen_Qwen3.5-9B_independent_k20_N2.jsonl
FanOutQA,independent,20,,3,50,67.7,17.592,159228.9,loose_accuracy,a5000_fanoutqa_canonical_bf16/Qwen_Qwen3.5-9B_independent_k20_N3.jsonl
FanOutQA,independent,20,,4,50,62.3,24.201,217894.7,loose_accuracy,a5000_fanoutqa_canonical_bf16/Qwen_Qwen3.5-9B_independent_k20_N4.jsonl
FanOutQA,independent,20,,5,50,64.1,29.383,218852.7,loose_accuracy,a5000_fanoutqa_canonical_bf16/Qwen_Qwen3.5-9B_independent_k20_N5.jsonl
FanOutQA,independent,20,,10,50,66.9,45.871,456086.5,loose_accuracy,a5000_fanoutqa_canonical_bf16/Qwen_Qwen3.5-9B_independent_k20_N10.jsonl
FanOutQA,independent,30,,2,50,63.8,13.395,143688.6,loose_accuracy,a5000_fanoutqa_canonical_bf16/Qwen_Qwen3.5-9B_independent_k30_N2.jsonl
FanOutQA,independent,30,,3,50,70.0,28.582,406001.1,loose_accuracy,final_qwen9b_canonical/FanOutQA/k_sweep/Qwen_Qwen3.5-9B_independent_k30.jsonl
FanOutQA,independent,30,,4,50,66.5,19.282,238635.6,loose_accuracy,a5000_fanoutqa_canonical_bf16/Qwen_Qwen3.5-9B_independent_k30_N4.jsonl
FanOutQA,independent,30,,5,50,65.9,25.799,305618.2,loose_accuracy,a5000_fanoutqa_canonical_bf16/Qwen_Qwen3.5-9B_independent_k30_N5.jsonl
FanOutQA,independent,50,,2,50,64.7,14.328,137336.6,loose_accuracy,a5000_fanoutqa_canonical_bf16/Qwen_Qwen3.5-9B_independent_k50_N2.jsonl
FanOutQA,independent,50,,3,50,68.2,31.469,385215.7,loose_accuracy,final_qwen9b_canonical/FanOutQA/k_sweep/Qwen_Qwen3.5-9B_independent_k50.jsonl
FanOutQA,independent,50,,4,50,68.5,21.465,248470.0,loose_accuracy,a5000_fanoutqa_canonical_bf16/Qwen_Qwen3.5-9B_independent_k50_N4.jsonl
FanOutQA,independent,50,,5,50,67.9,25.705,251417.0,loose_accuracy,a5000_fanoutqa_canonical_bf16/Qwen_Qwen3.5-9B_independent_k50_N5.jsonl
FanOutQA,sas,1,,1,50,13.8,0.955,6068.1,loose_accuracy,final_qwen9b_canonical/FanOutQA/k_sweep/Qwen_Qwen3.5-9B_sas_k1.jsonl
FanOutQA,sas,2,,1,50,43.8,4.378,20173.7,loose_accuracy,final_qwen9b_canonical/FanOutQA/k_sweep/Qwen_Qwen3.5-9B_sas_k2.jsonl
FanOutQA,sas,3,,1,50,50.9,3.823,26642.0,loose_accuracy,final_qwen9b_canonical/FanOutQA/k_sweep/Qwen_Qwen3.5-9B_sas_k3.jsonl
FanOutQA,sas,5,,1,50,54.4,4.442,39959.5,loose_accuracy,final_qwen9b_canonical/FanOutQA/k_sweep/Qwen_Qwen3.5-9B_sas_k5.jsonl
FanOutQA,sas,7,,1,50,55.3,4.143,53591.2,loose_accuracy,final_qwen9b_canonical/FanOutQA/k_sweep/Qwen_Qwen3.5-9B_sas_k7.jsonl
FanOutQA,sas,10,,1,50,57.7,5.063,67820.1,loose_accuracy,final_qwen9b_canonical/FanOutQA/k_sweep/Qwen_Qwen3.5-9B_sas_k10.jsonl
FanOutQA,sas,15,,1,50,56.8,5.783,100852.7,loose_accuracy,final_qwen9b_canonical/FanOutQA/k_sweep/Qwen_Qwen3.5-9B_sas_k15.jsonl
FanOutQA,sas,20,,1,50,58.8,7.742,128661.1,loose_accuracy,final_qwen9b_canonical/FanOutQA/k_sweep/Qwen_Qwen3.5-9B_sas_k20.jsonl
FanOutQA,sas,30,,1,50,61.0,8.252,170392.4,loose_accuracy,final_qwen9b_canonical/FanOutQA/k_sweep/Qwen_Qwen3.5-9B_sas_k30.jsonl
FanOutQA,sas,50,,1,50,59.2,9.481,224145.2,loose_accuracy,final_qwen9b_canonical/FanOutQA/k_sweep/Qwen_Qwen3.5-9B_sas_k50.jsonl
SWE_bench,centralized,1,2,2,50,0.0,8.573,19601.3,real_correct,a5000_swebench_canonical_bf16/Qwen_Qwen3.5-9B_centralized_k1_R2_N2.jsonl
SWE_bench,centralized,1,2,3,50,0.0,16.852,29738.4,real_correct,a5000_swebench_canonical_bf16/Qwen_Qwen3.5-9B_centralized_k1_R2_N3.jsonl
SWE_bench,centralized,1,2,4,50,0.0,15.683,37501.0,real_correct,a5000_swebench_canonical_bf16/Qwen_Qwen3.5-9B_centralized_k1_R2_N4.jsonl
SWE_bench,centralized,1,2,5,50,0.0,17.866,45901.2,real_correct,a5000_swebench_canonical_bf16/Qwen_Qwen3.5-9B_centralized_k1_R2_N5.jsonl
SWE_bench,centralized,1,30,3,50,22.0,469.566,2879397.7,real_correct,a5000_swebench_canonical_bf16/Qwen_Qwen3.5-9B_centralized_k1_R30_N3.jsonl
SWE_bench,centralized,2,2,2,50,2.0,11.378,38206.6,real_correct,a5000_swebench_canonical_bf16/Qwen_Qwen3.5-9B_centralized_k2_R2_N2.jsonl
SWE_bench,centralized,2,2,3,50,2.0,19.963,58738.6,real_correct,a5000_swebench_canonical_bf16/Qwen_Qwen3.5-9B_centralized_k2_R2_N3.jsonl
SWE_bench,centralized,2,2,4,50,2.0,16.847,72309.9,real_correct,a5000_swebench_canonical_bf16/Qwen_Qwen3.5-9B_centralized_k2_R2_N4.jsonl
SWE_bench,centralized,2,2,5,50,0.0,19.984,90413.7,real_correct,a5000_swebench_canonical_bf16/Qwen_Qwen3.5-9B_centralized_k2_R2_N5.jsonl
SWE_bench,centralized,2,15,3,50,18.0,260.019,1780104.7,real_correct,a5000_swebench_canonical_bf16/Qwen_Qwen3.5-9B_centralized_k2_R15_N3.jsonl
SWE_bench,centralized,3,2,2,50,2.0,12.384,59472.1,real_correct,a5000_swebench_canonical_bf16/Qwen_Qwen3.5-9B_centralized_k3_R2_N2.jsonl
SWE_bench,centralized,3,2,3,50,4.0,22.973,97052.0,real_correct,a5000_swebench_canonical_bf16/Qwen_Qwen3.5-9B_centralized_k3_R2_N3.jsonl
SWE_bench,centralized,3,2,4,50,4.0,22.633,119198.2,real_correct,a5000_swebench_canonical_bf16/Qwen_Qwen3.5-9B_centralized_k3_R2_N4.jsonl
SWE_bench,centralized,3,10,3,50,22.0,175.091,1438606.1,real_correct,a5000_swebench_canonical_bf16/Qwen_Qwen3.5-9B_centralized_k3_R10_N3.jsonl
SWE_bench,centralized,5,2,3,50,12.0,32.7,198821.1,real_correct,a5000_swebench_canonical_bf16/Qwen_Qwen3.5-9B_centralized_k5_R2_N3.jsonl
SWE_bench,centralized,5,6,3,50,18.0,129.888,1235803.3,real_correct,a5000_swebench_canonical_bf16/Qwen_Qwen3.5-9B_centralized_k5_R6_N3.jsonl
SWE_bench,centralized,6,5,3,50,24.0,122.102,1185985.8,real_correct,a5000_swebench_canonical_bf16/Qwen_Qwen3.5-9B_centralized_k6_R5_N3.jsonl
SWE_bench,centralized,7,2,2,50,10.0,24.236,216964.9,real_correct,a5000_swebench_canonical_bf16/Qwen_Qwen3.5-9B_centralized_k7_R2_N2.jsonl
SWE_bench,centralized,7,2,3,50,10.0,42.035,273426.3,real_correct,final_qwen9b_canonical/SWE_bench/k_sweep/Qwen_Qwen3.5-9B_centralized_k7_R2.jsonl
SWE_bench,centralized,10,2,1,50,10.0,18.682,186605.2,real_correct,final_qwen9b_canonical/SWE_bench/n_sweep/Qwen_Qwen3.5-9B_centralized_k10_R2_N1.jsonl
SWE_bench,centralized,10,2,2,50,16.0,42.769,372382.9,real_correct,a5000_swebench_canonical_bf16/Qwen_Qwen3.5-9B_centralized_k10_R2_N2.jsonl
SWE_bench,centralized,10,2,3,50,20.0,57.842,555737.7,real_correct,a5000_swebench_canonical_bf16/Qwen_Qwen3.5-9B_centralized_k10_R2_N3.jsonl
SWE_bench,centralized,10,2,4,50,18.0,72.865,740907.2,real_correct,a5000_swebench_canonical_bf16/Qwen_Qwen3.5-9B_centralized_k10_R2_N4.jsonl
SWE_bench,centralized,10,2,5,50,14.0,86.708,944543.8,real_correct,a5000_swebench_canonical_bf16/Qwen_Qwen3.5-9B_centralized_k10_R2_N5.jsonl
SWE_bench,centralized,10,2,10,50,12.0,177.837,1666785.2,real_correct,final_qwen9b_canonical/SWE_bench/n_sweep/Qwen_Qwen3.5-9B_centralized_k10_R2_N10.jsonl
SWE_bench,centralized,10,3,3,50,24.0,95.53,1106000.8,real_correct,a5000_swebench_canonical_bf16/Qwen_Qwen3.5-9B_centralized_k10_R3_N3.jsonl
SWE_bench,centralized,15,2,3,50,20.0,85.368,1046709.3,real_correct,a5000_swebench_canonical_bf16/Qwen_Qwen3.5-9B_centralized_k15_R2_N3.jsonl
SWE_bench,centralized,20,2,3,50,22.0,113.729,1447236.9,real_correct,final_qwen9b_canonical/SWE_bench/k_sweep/Qwen_Qwen3.5-9B_centralized_k20_R2.jsonl
SWE_bench,centralized,30,1,3,50,22.0,66.098,970939.3,real_correct,a5000_swebench_canonical_bf16/Qwen_Qwen3.5-9B_centralized_k30_R1_N3.jsonl
SWE_bench,centralized,30,2,3,50,26.0,177.962,2955323.1,real_correct,a5000_swebench_canonical_bf16/Qwen_Qwen3.5-9B_centralized_k30_R2_N3.jsonl
SWE_bench,centralized,50,2,3,50,28.0,246.979,5230609.0,real_correct,a5000_swebench_canonical_bf16/Qwen_Qwen3.5-9B_centralized_k50_R2_N3.jsonl
SWE_bench,centralized,100,2,3,50,30.0,288.69,6252334.1,real_correct,a5000_swebench_canonical_bf16/Qwen_Qwen3.5-9B_centralized_k100_R2_N3.jsonl
SWE_bench,centralized,200,2,3,50,40.0,632.036,9064981.8,real_correct,final_qwen9b_canonical/SWE_bench/k_sweep/Qwen_Qwen3.5-9B_centralized_k200_R2_N3.jsonl
SWE_bench,decentralized,1,2,2,50,0.0,8.904,15781.1,real_correct,a5000_swebench_canonical_bf16/Qwen_Qwen3.5-9B_decentralized_k1_R2_N2.jsonl
SWE_bench,decentralized,1,2,3,50,0.0,13.253,23960.2,real_correct,a5000_swebench_canonical_bf16/Qwen_Qwen3.5-9B_decentralized_k1_R2_N3.jsonl
SWE_bench,decentralized,1,2,4,50,0.0,8.695,30037.8,real_correct,a5000_swebench_canonical_bf16/Qwen_Qwen3.5-9B_decentralized_k1_R2_N4.jsonl
SWE_bench,decentralized,1,2,5,50,0.0,8.401,36443.6,real_correct,a5000_swebench_canonical_bf16/Qwen_Qwen3.5-9B_decentralized_k1_R2_N5.jsonl
SWE_bench,decentralized,1,30,3,50,24.0,377.715,2847188.4,real_correct,a5000_swebench_canonical_bf16/Qwen_Qwen3.5-9B_decentralized_k1_R30_N3.jsonl
SWE_bench,decentralized,2,2,2,50,0.0,10.733,34122.7,real_correct,a5000_swebench_canonical_bf16/Qwen_Qwen3.5-9B_decentralized_k2_R2_N2.jsonl
SWE_bench,decentralized,2,2,3,50,0.0,16.706,52764.2,real_correct,a5000_swebench_canonical_bf16/Qwen_Qwen3.5-9B_decentralized_k2_R2_N3.jsonl
SWE_bench,decentralized,2,2,4,50,0.0,11.102,65172.9,real_correct,a5000_swebench_canonical_bf16/Qwen_Qwen3.5-9B_decentralized_k2_R2_N4.jsonl
SWE_bench,decentralized,2,2,5,50,0.0,12.869,82625.0,real_correct,a5000_swebench_canonical_bf16/Qwen_Qwen3.5-9B_decentralized_k2_R2_N5.jsonl
SWE_bench,decentralized,2,15,3,50,28.0,174.523,1738299.7,real_correct,a5000_swebench_canonical_bf16/Qwen_Qwen3.5-9B_decentralized_k2_R15_N3.jsonl
SWE_bench,decentralized,3,2,2,50,0.0,15.621,57504.0,real_correct,a5000_swebench_canonical_bf16/Qwen_Qwen3.5-9B_decentralized_k3_R2_N2.jsonl
SWE_bench,decentralized,3,2,3,50,0.0,19.368,89612.8,real_correct,a5000_swebench_canonical_bf16/Qwen_Qwen3.5-9B_decentralized_k3_R2_N3.jsonl
SWE_bench,decentralized,3,2,4,50,0.0,15.047,112912.9,real_correct,a5000_swebench_canonical_bf16/Qwen_Qwen3.5-9B_decentralized_k3_R2_N4.jsonl
SWE_bench,decentralized,3,2,5,50,0.0,19.19,140105.6,real_correct,a5000_swebench_canonical_bf16/Qwen_Qwen3.5-9B_decentralized_k3_R2_N5.jsonl
SWE_bench,decentralized,3,10,3,50,28.0,147.095,1414213.0,real_correct,a5000_swebench_canonical_bf16/Qwen_Qwen3.5-9B_decentralized_k3_R10_N3.jsonl
SWE_bench,decentralized,5,2,2,50,4.0,18.863,118259.1,real_correct,a5000_swebench_canonical_bf16/Qwen_Qwen3.5-9B_decentralized_k5_R2_N2.jsonl
SWE_bench,decentralized,5,2,3,50,14.0,30.355,193574.0,real_correct,a5000_swebench_canonical_bf16/Qwen_Qwen3.5-9B_decentralized_k5_R2_N3.jsonl
SWE_bench,decentralized,5,2,4,50,4.0,27.282,243533.8,real_correct,a5000_swebench_canonical_bf16/Qwen_Qwen3.5-9B_decentralized_k5_R2_N4.jsonl
SWE_bench,decentralized,5,2,5,50,4.0,33.303,312041.2,real_correct,a5000_swebench_canonical_bf16/Qwen_Qwen3.5-9B_decentralized_k5_R2_N5.jsonl
SWE_bench,decentralized,5,6,3,50,28.0,104.658,1201768.8,real_correct,a5000_swebench_canonical_bf16/Qwen_Qwen3.5-9B_decentralized_k5_R6_N3.jsonl
SWE_bench,decentralized,6,5,3,50,26.0,90.362,1129391.7,real_correct,a5000_swebench_canonical_bf16/Qwen_Qwen3.5-9B_decentralized_k6_R5_N3.jsonl
SWE_bench,decentralized,7,2,2,50,4.0,24.734,205093.6,real_correct,a5000_swebench_canonical_bf16/Qwen_Qwen3.5-9B_decentralized_k7_R2_N2.jsonl
SWE_bench,decentralized,7,2,3,50,16.0,64.367,586522.9,real_correct,final_qwen9b_canonical/SWE_bench/k_sweep/Qwen_Qwen3.5-9B_decentralized_k7.jsonl
SWE_bench,decentralized,7,2,4,50,8.0,37.735,398249.4,real_correct,a5000_swebench_canonical_bf16/Qwen_Qwen3.5-9B_decentralized_k7_R2_N4.jsonl
SWE_bench,decentralized,7,2,5,50,18.0,42.821,506235.7,real_correct,a5000_swebench_canonical_bf16/Qwen_Qwen3.5-9B_decentralized_k7_R2_N5.jsonl
SWE_bench,decentralized,10,2,1,50,10.0,22.663,180847.1,real_correct,final_qwen9b_canonical/SWE_bench/n_sweep/Qwen_Qwen3.5-9B_decentralized_k10_R2_N1.jsonl
SWE_bench,decentralized,10,2,2,50,16.0,38.456,344002.6,real_correct,a5000_swebench_canonical_bf16/Qwen_Qwen3.5-9B_decentralized_k10_R2_N2.jsonl
SWE_bench,decentralized,10,2,3,50,20.0,52.83,554705.5,real_correct,a5000_swebench_canonical_bf16/Qwen_Qwen3.5-9B_decentralized_k10_R2_N3.jsonl
SWE_bench,decentralized,10,2,4,50,18.0,63.221,692389.7,real_correct,a5000_swebench_canonical_bf16/Qwen_Qwen3.5-9B_decentralized_k10_R2_N4.jsonl
SWE_bench,decentralized,10,2,5,50,22.0,72.723,893324.7,real_correct,a5000_swebench_canonical_bf16/Qwen_Qwen3.5-9B_decentralized_k10_R2_N5.jsonl
SWE_bench,decentralized,10,2,10,50,28.0,290.366,4438346.1,real_correct,final_qwen9b_canonical/SWE_bench/n_sweep/Qwen_Qwen3.5-9B_decentralized_k10_R2_N10.jsonl
SWE_bench,decentralized,10,3,3,50,22.0,87.707,1098395.4,real_correct,a5000_swebench_canonical_bf16/Qwen_Qwen3.5-9B_decentralized_k10_R3_N3.jsonl
SWE_bench,decentralized,15,2,2,50,24.0,49.697,674953.9,real_correct,a5000_swebench_canonical_bf16/Qwen_Qwen3.5-9B_decentralized_k15_R2_N2.jsonl
SWE_bench,decentralized,15,2,3,50,20.0,79.292,1007304.6,real_correct,a5000_swebench_canonical_bf16/Qwen_Qwen3.5-9B_decentralized_k15_R2_N3.jsonl
SWE_bench,decentralized,15,2,4,50,22.0,85.775,1371562.5,real_correct,a5000_swebench_canonical_bf16/Qwen_Qwen3.5-9B_decentralized_k15_R2_N4.jsonl
SWE_bench,decentralized,15,2,5,50,32.0,117.047,1734645.0,real_correct,a5000_swebench_canonical_bf16/Qwen_Qwen3.5-9B_decentralized_k15_R2_N5.jsonl
SWE_bench,decentralized,20,2,3,50,30.0,200.234,3068744.1,real_correct,final_qwen9b_canonical/SWE_bench/k_sweep/Qwen_Qwen3.5-9B_decentralized_k20.jsonl
SWE_bench,decentralized,30,1,3,50,18.0,76.79,974773.4,real_correct,a5000_swebench_canonical_bf16/Qwen_Qwen3.5-9B_decentralized_k30_R1_N3.jsonl
SWE_bench,decentralized,30,2,2,50,34.0,108.593,2136823.4,real_correct,a5000_swebench_canonical_bf16/Qwen_Qwen3.5-9B_decentralized_k30_R2_N2.jsonl
SWE_bench,decentralized,30,2,3,50,34.0,173.243,3014680.6,real_correct,a5000_swebench_canonical_bf16/Qwen_Qwen3.5-9B_decentralized_k30_R2_N3.jsonl
SWE_bench,decentralized,30,2,4,50,36.0,208.82,4129656.6,real_correct,a5000_swebench_canonical_bf16/Qwen_Qwen3.5-9B_decentralized_k30_R2_N4.jsonl
SWE_bench,decentralized,30,2,5,50,36.0,288.182,5206681.0,real_correct,a5000_swebench_canonical_bf16/Qwen_Qwen3.5-9B_decentralized_k30_R2_N5.jsonl
SWE_bench,decentralized,50,2,2,50,36.0,168.208,3590800.2,real_correct,a5000_swebench_canonical_bf16/Qwen_Qwen3.5-9B_decentralized_k50_R2_N2.jsonl
SWE_bench,decentralized,50,2,3,50,40.0,260.407,4962025.9,real_correct,a5000_swebench_canonical_bf16/Qwen_Qwen3.5-9B_decentralized_k50_R2_N3.jsonl
SWE_bench,decentralized,50,2,4,50,42.0,319.089,6999111.2,real_correct,a5000_swebench_canonical_bf16/Qwen_Qwen3.5-9B_decentralized_k50_R2_N4.jsonl
SWE_bench,decentralized,50,2,5,50,42.0,353.677,8343350.2,real_correct,a5000_swebench_canonical_bf16/Qwen_Qwen3.5-9B_decentralized_k50_R2_N5.jsonl
SWE_bench,decentralized,100,2,2,28,42.9,177.021,4143167.2,real_correct,a5000_swebench_canonical_bf16/Qwen_Qwen3.5-9B_decentralized_k100_R2_N2.jsonl
SWE_bench,decentralized,100,2,3,50,44.0,276.793,6112994.8,real_correct,a5000_swebench_canonical_bf16/Qwen_Qwen3.5-9B_decentralized_k100_R2_N3.jsonl
SWE_bench,decentralized,200,2,3,50,54.0,714.832,10577714.4,real_correct,final_qwen9b_canonical/SWE_bench/k_sweep/Qwen_Qwen3.5-9B_decentralized_k200_R2_N3.jsonl
SWE_bench,independent,1,,2,50,0.0,2.078,6377.6,real_correct,a5000_swebench_canonical_bf16/Qwen_Qwen3.5-9B_independent_k1_N2.jsonl
SWE_bench,independent,1,,3,50,0.0,7.74,10259.7,real_correct,a5000_swebench_canonical_bf16/Qwen_Qwen3.5-9B_independent_k1_N3.jsonl
SWE_bench,independent,1,,4,50,0.0,1.864,11446.9,real_correct,a5000_swebench_canonical_bf16/Qwen_Qwen3.5-9B_independent_k1_N4.jsonl
SWE_bench,independent,1,,5,50,0.0,3.692,14806.2,real_correct,a5000_swebench_canonical_bf16/Qwen_Qwen3.5-9B_independent_k1_N5.jsonl
SWE_bench,independent,2,,2,50,0.0,2.507,11643.3,real_correct,a5000_swebench_canonical_bf16/Qwen_Qwen3.5-9B_independent_k2_N2.jsonl
SWE_bench,independent,2,,3,50,0.0,9.802,19194.4,real_correct,a5000_swebench_canonical_bf16/Qwen_Qwen3.5-9B_independent_k2_N3.jsonl
SWE_bench,independent,2,,4,50,0.0,4.172,21941.8,real_correct,a5000_swebench_canonical_bf16/Qwen_Qwen3.5-9B_independent_k2_N4.jsonl
SWE_bench,independent,2,,5,50,0.0,4.698,27803.0,real_correct,a5000_swebench_canonical_bf16/Qwen_Qwen3.5-9B_independent_k2_N5.jsonl
SWE_bench,independent,3,,2,50,0.0,4.627,17358.2,real_correct,a5000_swebench_canonical_bf16/Qwen_Qwen3.5-9B_independent_k3_N2.jsonl
SWE_bench,independent,3,,3,50,0.0,10.989,29944.0,real_correct,a5000_swebench_canonical_bf16/Qwen_Qwen3.5-9B_independent_k3_N3.jsonl
SWE_bench,independent,3,,4,50,0.0,6.822,34260.5,real_correct,a5000_swebench_canonical_bf16/Qwen_Qwen3.5-9B_independent_k3_N4.jsonl
SWE_bench,independent,3,,5,50,0.0,7.761,43214.4,real_correct,a5000_swebench_canonical_bf16/Qwen_Qwen3.5-9B_independent_k3_N5.jsonl
SWE_bench,independent,4,,3,50,0.0,10.89,44743.1,real_correct,a5000_swebench_canonical_bf16/Qwen_Qwen3.5-9B_independent_k4_N3.jsonl
SWE_bench,independent,5,,2,50,0.0,5.924,35187.5,real_correct,a5000_swebench_canonical_bf16/Qwen_Qwen3.5-9B_independent_k5_N2.jsonl
SWE_bench,independent,5,,3,50,0.0,14.941,61247.5,real_correct,a5000_swebench_canonical_bf16/Qwen_Qwen3.5-9B_independent_k5_N3.jsonl
SWE_bench,independent,5,,4,50,0.0,7.834,69226.2,real_correct,a5000_swebench_canonical_bf16/Qwen_Qwen3.5-9B_independent_k5_N4.jsonl
SWE_bench,independent,5,,5,50,0.0,11.577,86262.1,real_correct,a5000_swebench_canonical_bf16/Qwen_Qwen3.5-9B_independent_k5_N5.jsonl
SWE_bench,independent,6,,3,50,2.0,16.62,80922.2,real_correct,a5000_swebench_canonical_bf16/Qwen_Qwen3.5-9B_independent_k6_N3.jsonl
SWE_bench,independent,7,,2,50,0.0,8.783,55697.5,real_correct,a5000_swebench_canonical_bf16/Qwen_Qwen3.5-9B_independent_k7_N2.jsonl
SWE_bench,independent,7,,3,50,2.0,16.289,79910.7,real_correct,final_qwen9b_canonical/SWE_bench/k_sweep/Qwen_Qwen3.5-9B_independent_k7.jsonl
SWE_bench,independent,7,,4,50,0.0,14.999,118829.9,real_correct,a5000_swebench_canonical_bf16/Qwen_Qwen3.5-9B_independent_k7_N4.jsonl
SWE_bench,independent,7,,5,50,0.0,18.231,138767.5,real_correct,a5000_swebench_canonical_bf16/Qwen_Qwen3.5-9B_independent_k7_N5.jsonl
SWE_bench,independent,10,,2,50,10.0,19.618,115450.3,real_correct,a5000_swebench_canonical_bf16/Qwen_Qwen3.5-9B_independent_k10_N2.jsonl
SWE_bench,independent,10,,3,50,14.0,22.92,175842.1,real_correct,a5000_swebench_canonical_bf16/Qwen_Qwen3.5-9B_independent_k10_N3.jsonl
SWE_bench,independent,10,,4,50,8.0,31.108,231991.1,real_correct,a5000_swebench_canonical_bf16/Qwen_Qwen3.5-9B_independent_k10_N4.jsonl
SWE_bench,independent,10,,5,50,10.0,26.336,255608.4,real_correct,a5000_swebench_canonical_bf16/Qwen_Qwen3.5-9B_independent_k10_N5.jsonl
SWE_bench,independent,15,,2,50,12.0,23.755,200824.6,real_correct,a5000_swebench_canonical_bf16/Qwen_Qwen3.5-9B_independent_k15_N2.jsonl
SWE_bench,independent,15,,3,50,18.0,36.814,327958.8,real_correct,a5000_swebench_canonical_bf16/Qwen_Qwen3.5-9B_independent_k15_N3.jsonl
SWE_bench,independent,15,,4,50,16.0,32.596,394104.7,real_correct,a5000_swebench_canonical_bf16/Qwen_Qwen3.5-9B_independent_k15_N4.jsonl
SWE_bench,independent,15,,5,50,16.0,40.734,490533.3,real_correct,a5000_swebench_canonical_bf16/Qwen_Qwen3.5-9B_independent_k15_N5.jsonl
SWE_bench,independent,20,,2,50,18.0,35.261,342432.8,real_correct,a5000_swebench_canonical_bf16/Qwen_Qwen3.5-9B_independent_k20_N2.jsonl
SWE_bench,independent,20,,3,50,22.0,46.754,508513.5,real_correct,a5000_swebench_canonical_bf16/Qwen_Qwen3.5-9B_independent_k20_N3.jsonl
SWE_bench,independent,20,,4,50,18.0,60.526,695772.5,real_correct,a5000_swebench_canonical_bf16/Qwen_Qwen3.5-9B_independent_k20_N4.jsonl
SWE_bench,independent,20,,5,50,20.0,72.05,862693.6,real_correct,a5000_swebench_canonical_bf16/Qwen_Qwen3.5-9B_independent_k20_N5.jsonl
SWE_bench,independent,20,,10,50,20.0,144.418,1711156.7,real_correct,a5000_swebench_canonical_bf16/Qwen_Qwen3.5-9B_independent_k20_N10.jsonl
SWE_bench,independent,30,,2,50,22.0,40.494,575253.9,real_correct,a5000_swebench_canonical_bf16/Qwen_Qwen3.5-9B_independent_k30_N2.jsonl
SWE_bench,independent,30,,3,50,16.0,75.375,957768.1,real_correct,a5000_swebench_canonical_bf16/Qwen_Qwen3.5-9B_independent_k30_N3.jsonl
SWE_bench,independent,30,,4,50,18.0,80.324,1237114.4,real_correct,a5000_swebench_canonical_bf16/Qwen_Qwen3.5-9B_independent_k30_N4.jsonl
SWE_bench,independent,30,,5,50,28.0,98.566,1508444.8,real_correct,a5000_swebench_canonical_bf16/Qwen_Qwen3.5-9B_independent_k30_N5.jsonl
SWE_bench,independent,50,,2,50,28.0,78.9,1362634.5,real_correct,a5000_swebench_canonical_bf16/Qwen_Qwen3.5-9B_independent_k50_N2.jsonl
SWE_bench,independent,50,,3,50,20.0,141.394,1982470.7,real_correct,final_qwen9b_canonical/SWE_bench/k_sweep/Qwen_Qwen3.5-9B_independent_k50.jsonl
SWE_bench,independent,50,,4,50,36.0,158.56,2766716.6,real_correct,a5000_swebench_canonical_bf16/Qwen_Qwen3.5-9B_independent_k50_N4.jsonl
SWE_bench,independent,50,,5,50,34.0,189.227,3425243.5,real_correct,a5000_swebench_canonical_bf16/Qwen_Qwen3.5-9B_independent_k50_N5.jsonl
SWE_bench,independent,60,,3,50,22.0,172.325,2993326.6,real_correct,a5000_swebench_canonical_bf16/Qwen_Qwen3.5-9B_independent_k60_N3.jsonl
SWE_bench,independent,100,,2,50,38.0,130.542,3135116.3,real_correct,a5000_swebench_canonical_bf16/Qwen_Qwen3.5-9B_independent_k100_N2.jsonl
SWE_bench,independent,100,,3,50,42.0,242.512,5305458.1,real_correct,a5000_swebench_canonical_bf16/Qwen_Qwen3.5-9B_independent_k100_N3.jsonl
SWE_bench,independent,100,,4,32,34.4,252.843,6201217.5,real_correct,a5000_swebench_canonical_bf16/Qwen_Qwen3.5-9B_independent_k100_N4.jsonl
SWE_bench,independent,200,,3,50,42.0,239.518,5516087.2,real_correct,a5000_swebench_canonical_bf16/Qwen_Qwen3.5-9B_independent_k200_N3.jsonl
SWE_bench,independent,200,,4,26,50.0,297.198,7325796.0,real_correct,a5000_swebench_canonical_bf16/Qwen_Qwen3.5-9B_independent_k200_N4.jsonl
SWE_bench,sas,1,,1,50,0.0,0.61,2719.3,real_correct,a5000_swebench_canonical_bf16/Qwen_Qwen3.5-9B_sas_k1_N1.jsonl
SWE_bench,sas,2,,1,50,0.0,0.978,5644.1,real_correct,a5000_swebench_canonical_bf16/Qwen_Qwen3.5-9B_sas_k2_N1.jsonl
SWE_bench,sas,3,,1,50,0.0,1.469,9227.3,real_correct,a5000_swebench_canonical_bf16/Qwen_Qwen3.5-9B_sas_k3_N1.jsonl
SWE_bench,sas,4,,1,50,0.0,1.973,14132.1,real_correct,a5000_swebench_canonical_bf16/Qwen_Qwen3.5-9B_sas_k4_N1.jsonl
SWE_bench,sas,5,,1,50,0.0,2.511,19666.6,real_correct,a5000_swebench_canonical_bf16/Qwen_Qwen3.5-9B_sas_k5_N1.jsonl
SWE_bench,sas,6,,1,50,0.0,2.803,26130.4,real_correct,a5000_swebench_canonical_bf16/Qwen_Qwen3.5-9B_sas_k6_N1.jsonl
SWE_bench,sas,7,,1,50,0.0,3.333,27543.3,real_correct,final_qwen9b_canonical/SWE_bench/k_sweep/Qwen_Qwen3.5-9B_sas_k7.jsonl
SWE_bench,sas,10,,1,50,4.0,5.738,57130.1,real_correct,a5000_swebench_canonical_bf16/Qwen_Qwen3.5-9B_sas_k10_N1.jsonl
SWE_bench,sas,15,,1,50,10.0,9.777,106503.8,real_correct,a5000_swebench_canonical_bf16/Qwen_Qwen3.5-9B_sas_k15_N1.jsonl
SWE_bench,sas,20,,1,50,18.0,12.825,170323.7,real_correct,a5000_swebench_canonical_bf16/Qwen_Qwen3.5-9B_sas_k20_N1.jsonl
SWE_bench,sas,30,,1,50,22.0,20.353,317040.8,real_correct,a5000_swebench_canonical_bf16/Qwen_Qwen3.5-9B_sas_k30_N1.jsonl
SWE_bench,sas,50,,1,50,22.0,40.898,615651.2,real_correct,final_qwen9b_canonical/SWE_bench/k_sweep/Qwen_Qwen3.5-9B_sas_k50.jsonl
SWE_bench,sas,60,,1,50,30.0,50.72,902598.9,real_correct,a5000_swebench_canonical_bf16/Qwen_Qwen3.5-9B_sas_k60_N1.jsonl
SWE_bench,sas,100,,1,50,30.0,73.503,1848617.0,real_correct,a5000_swebench_canonical_bf16/Qwen_Qwen3.5-9B_sas_k100_N1.jsonl
SWE_bench,sas,200,,1,50,28.0,84.68,2212541.2,real_correct,a5000_swebench_canonical_bf16/Qwen_Qwen3.5-9B_sas_k200_N1.jsonl
WorkBench,centralized,1,2,2,50,30.0,13.268,29484.5,correct,a5000_workbench_canonical_bf16/Qwen_Qwen3.5-9B_centralized_k1_R2_N2.jsonl
WorkBench,centralized,1,2,3,50,22.0,21.813,44057.2,correct,final_qwen9b_canonical/WorkBench/k_sweep/Qwen_Qwen3.5-9B_centralized_k1_R2.jsonl
WorkBench,centralized,1,2,5,50,34.0,32.439,75214.8,correct,a5000_workbench_canonical_bf16/Qwen_Qwen3.5-9B_centralized_k1_R2_N5.jsonl
WorkBench,centralized,1,30,3,50,78.0,404.171,2020542.7,correct,a5000_workbench_canonical_bf16/Qwen_Qwen3.5-9B_centralized_k1_R30_N3.jsonl
WorkBench,centralized,2,2,3,50,60.0,30.5,82170.5,correct,final_qwen9b_canonical/WorkBench/k_sweep/Qwen_Qwen3.5-9B_centralized_k2_R2.jsonl
WorkBench,centralized,2,2,5,50,68.0,46.183,141183.8,correct,a5000_workbench_canonical_bf16/Qwen_Qwen3.5-9B_centralized_k2_R2_N5.jsonl
WorkBench,centralized,2,15,3,50,86.0,213.866,958352.6,correct,a5000_workbench_canonical_bf16/Qwen_Qwen3.5-9B_centralized_k2_R15_N3.jsonl
WorkBench,centralized,3,2,2,50,72.0,22.979,78240.0,correct,a5000_workbench_canonical_bf16/Qwen_Qwen3.5-9B_centralized_k3_R2_N2.jsonl
WorkBench,centralized,3,2,3,50,76.0,37.853,111300.9,correct,final_qwen9b_canonical/WorkBench/k_sweep/Qwen_Qwen3.5-9B_centralized_k3_R2.jsonl
WorkBench,centralized,3,10,3,50,82.0,179.314,751042.1,correct,a5000_workbench_canonical_bf16/Qwen_Qwen3.5-9B_centralized_k3_R10_N3.jsonl
WorkBench,centralized,5,2,2,50,80.0,27.437,95119.2,correct,a5000_workbench_canonical_bf16/Qwen_Qwen3.5-9B_centralized_k5_R2_N2.jsonl
WorkBench,centralized,5,2,3,50,80.0,44.451,150162.4,correct,final_qwen9b_canonical/WorkBench/k_sweep/Qwen_Qwen3.5-9B_centralized_k5_R2.jsonl
WorkBench,centralized,5,6,3,50,86.0,130.042,465747.6,correct,a5000_workbench_canonical_bf16/Qwen_Qwen3.5-9B_centralized_k5_R6_N3.jsonl
WorkBench,centralized,6,5,3,50,82.0,118.079,417327.8,correct,a5000_workbench_canonical_bf16/Qwen_Qwen3.5-9B_centralized_k6_R5_N3.jsonl
WorkBench,centralized,7,2,2,50,82.0,29.814,117839.3,correct,a5000_workbench_canonical_bf16/Qwen_Qwen3.5-9B_centralized_k7_R2_N2.jsonl
WorkBench,centralized,7,2,3,50,82.0,47.481,157271.1,correct,final_qwen9b_canonical/WorkBench/k_sweep/Qwen_Qwen3.5-9B_centralized_k7_R2.jsonl
WorkBench,centralized,10,2,1,50,72.0,17.415,66356.4,correct,final_qwen9b_canonical/WorkBench/n_sweep/Qwen_Qwen3.5-9B_centralized_k10_R2_N1.jsonl
WorkBench,centralized,10,2,2,50,82.0,35.237,113461.4,correct,final_qwen9b_canonical/WorkBench/n_sweep/Qwen_Qwen3.5-9B_centralized_k10_R2_N2.jsonl
WorkBench,centralized,10,2,3,50,82.0,51.607,175403.4,correct,final_qwen9b_canonical/WorkBench/k_sweep/Qwen_Qwen3.5-9B_centralized_k10_R2.jsonl
WorkBench,centralized,10,2,4,50,80.0,67.73,249044.0,correct,final_qwen9b_canonical/WorkBench/n_sweep/Qwen_Qwen3.5-9B_centralized_k10_R2_N4.jsonl
WorkBench,centralized,10,2,5,50,82.0,89.714,319657.2,correct,final_qwen9b_canonical/WorkBench/n_sweep/Qwen_Qwen3.5-9B_centralized_k10_R2_N5.jsonl
WorkBench,centralized,10,3,3,50,82.0,83.576,279984.2,correct,a5000_workbench_canonical_bf16/Qwen_Qwen3.5-9B_centralized_k10_R3_N3.jsonl
WorkBench,centralized,15,2,3,50,76.0,61.874,188113.7,correct,a5000_workbench_canonical_bf16/Qwen_Qwen3.5-9B_centralized_k15_R2_N3.jsonl
WorkBench,centralized,20,2,3,50,80.0,51.831,170451.2,correct,final_qwen9b_canonical/WorkBench/k_sweep/Qwen_Qwen3.5-9B_centralized_k20_R2.jsonl
WorkBench,centralized,30,1,3,50,76.0,33.311,109383.8,correct,a5000_workbench_canonical_bf16/Qwen_Qwen3.5-9B_centralized_k30_R1_N3.jsonl
WorkBench,centralized,30,2,2,38,81.6,36.911,122527.7,correct,a5000_workbench_canonical_bf16/Qwen_Qwen3.5-9B_centralized_k30_R2_N2.jsonl
WorkBench,centralized,30,2,3,50,78.0,47.123,170353.7,correct,final_qwen9b_canonical/WorkBench/k_sweep/Qwen_Qwen3.5-9B_centralized_k30_R2.jsonl
WorkBench,centralized,50,2,3,50,82.0,58.808,200609.3,correct,final_qwen9b_canonical/WorkBench/k_sweep/Qwen_Qwen3.5-9B_centralized_k50_R2.jsonl
WorkBench,decentralized,1,2,2,50,26.0,10.288,25993.2,correct,a5000_workbench_canonical_bf16/Qwen_Qwen3.5-9B_decentralized_k1_R2_N2.jsonl
WorkBench,decentralized,1,2,3,50,38.0,20.883,43179.5,correct,final_qwen9b_canonical/WorkBench/k_sweep/Qwen_Qwen3.5-9B_decentralized_k1.jsonl
WorkBench,decentralized,1,2,4,50,34.0,21.292,56846.3,correct,a5000_workbench_canonical_bf16/Qwen_Qwen3.5-9B_decentralized_k1_R2_N4.jsonl
WorkBench,decentralized,1,2,5,50,46.0,27.418,74134.3,correct,a5000_workbench_canonical_bf16/Qwen_Qwen3.5-9B_decentralized_k1_R2_N5.jsonl
WorkBench,decentralized,1,30,3,50,60.0,276.798,1991519.9,correct,a5000_workbench_canonical_bf16/Qwen_Qwen3.5-9B_decentralized_k1_R30_N3.jsonl
WorkBench,decentralized,2,2,2,50,62.0,12.768,45942.4,correct,a5000_workbench_canonical_bf16/Qwen_Qwen3.5-9B_decentralized_k2_R2_N2.jsonl
WorkBench,decentralized,2,2,3,50,76.0,30.265,108498.7,correct,final_qwen9b_canonical/WorkBench/k_sweep/Qwen_Qwen3.5-9B_decentralized_k2.jsonl
WorkBench,decentralized,2,2,4,50,76.0,25.143,98091.7,correct,a5000_workbench_canonical_bf16/Qwen_Qwen3.5-9B_decentralized_k2_R2_N4.jsonl
WorkBench,decentralized,2,2,5,50,74.0,30.825,122306.3,correct,a5000_workbench_canonical_bf16/Qwen_Qwen3.5-9B_decentralized_k2_R2_N5.jsonl
WorkBench,decentralized,3,2,2,50,74.0,20.637,65492.9,correct,a5000_workbench_canonical_bf16/Qwen_Qwen3.5-9B_decentralized_k3_R2_N2.jsonl
WorkBench,decentralized,3,2,3,50,74.0,37.24,137877.9,correct,final_qwen9b_canonical/WorkBench/k_sweep/Qwen_Qwen3.5-9B_decentralized_k3.jsonl
WorkBench,decentralized,3,2,4,50,80.0,34.227,137823.4,correct,a5000_workbench_canonical_bf16/Qwen_Qwen3.5-9B_decentralized_k3_R2_N4.jsonl
WorkBench,decentralized,3,2,5,50,82.0,43.473,178641.2,correct,a5000_workbench_canonical_bf16/Qwen_Qwen3.5-9B_decentralized_k3_R2_N5.jsonl
WorkBench,decentralized,3,10,3,30,83.3,111.855,517836.7,correct,a5000_workbench_canonical_bf16/Qwen_Qwen3.5-9B_decentralized_k3_R10_N3.jsonl
WorkBench,decentralized,5,2,2,50,84.0,21.077,87607.1,correct,a5000_workbench_canonical_bf16/Qwen_Qwen3.5-9B_decentralized_k5_R2_N2.jsonl
WorkBench,decentralized,5,2,3,50,86.0,44.809,175056.8,correct,final_qwen9b_canonical/WorkBench/k_sweep/Qwen_Qwen3.5-9B_decentralized_k5.jsonl
WorkBench,decentralized,5,2,4,50,88.0,43.271,182060.1,correct,a5000_workbench_canonical_bf16/Qwen_Qwen3.5-9B_decentralized_k5_R2_N4.jsonl
WorkBench,decentralized,5,2,5,50,86.0,50.241,227098.0,correct,a5000_workbench_canonical_bf16/Qwen_Qwen3.5-9B_decentralized_k5_R2_N5.jsonl
WorkBench,decentralized,5,6,3,50,80.0,77.858,346920.1,correct,a5000_workbench_canonical_bf16/Qwen_Qwen3.5-9B_decentralized_k5_R6_N3.jsonl
WorkBench,decentralized,6,5,3,50,86.0,72.135,304265.3,correct,a5000_workbench_canonical_bf16/Qwen_Qwen3.5-9B_decentralized_k6_R5_N3.jsonl
WorkBench,decentralized,7,2,2,50,86.0,24.818,83685.2,correct,a5000_workbench_canonical_bf16/Qwen_Qwen3.5-9B_decentralized_k7_R2_N2.jsonl
WorkBench,decentralized,7,2,3,50,88.0,45.449,191121.1,correct,final_qwen9b_canonical/WorkBench/k_sweep/Qwen_Qwen3.5-9B_decentralized_k7.jsonl
WorkBench,decentralized,7,2,4,50,86.0,45.03,203487.0,correct,a5000_workbench_canonical_bf16/Qwen_Qwen3.5-9B_decentralized_k7_R2_N4.jsonl
WorkBench,decentralized,7,2,5,50,86.0,52.488,254911.8,correct,a5000_workbench_canonical_bf16/Qwen_Qwen3.5-9B_decentralized_k7_R2_N5.jsonl
WorkBench,decentralized,10,2,1,50,72.0,12.355,50496.0,correct,final_qwen9b_canonical/WorkBench/n_sweep/Qwen_Qwen3.5-9B_decentralized_k10_R2_N1.jsonl
WorkBench,decentralized,10,2,2,50,80.0,32.479,137895.2,correct,final_qwen9b_canonical/WorkBench/n_sweep/Qwen_Qwen3.5-9B_decentralized_k10_R2_N2.jsonl
WorkBench,decentralized,10,2,3,50,84.0,46.829,204356.9,correct,final_qwen9b_canonical/WorkBench/k_sweep/Qwen_Qwen3.5-9B_decentralized_k10.jsonl
WorkBench,decentralized,10,2,4,50,84.0,64.091,252677.9,correct,final_qwen9b_canonical/WorkBench/n_sweep/Qwen_Qwen3.5-9B_decentralized_k10_R2_N4.jsonl
WorkBench,decentralized,10,2,5,50,86.0,81.514,369530.3,correct,final_qwen9b_canonical/WorkBench/n_sweep/Qwen_Qwen3.5-9B_decentralized_k10_R2_N5.jsonl
WorkBench,decentralized,10,3,3,50,84.0,49.36,205158.6,correct,a5000_workbench_canonical_bf16/Qwen_Qwen3.5-9B_decentralized_k10_R3_N3.jsonl
WorkBench,decentralized,15,2,2,50,84.0,24.642,93298.6,correct,a5000_workbench_canonical_bf16/Qwen_Qwen3.5-9B_decentralized_k15_R2_N2.jsonl
WorkBench,decentralized,15,2,3,50,84.0,39.94,147305.5,correct,a5000_workbench_canonical_bf16/Qwen_Qwen3.5-9B_decentralized_k15_R2_N3.jsonl
WorkBench,decentralized,15,2,4,50,88.0,43.882,203614.7,correct,a5000_workbench_canonical_bf16/Qwen_Qwen3.5-9B_decentralized_k15_R2_N4.jsonl
WorkBench,decentralized,15,2,5,50,86.0,55.576,274477.1,correct,a5000_workbench_canonical_bf16/Qwen_Qwen3.5-9B_decentralized_k15_R2_N5.jsonl
WorkBench,decentralized,20,2,2,38,84.2,22.046,84489.1,correct,a5000_workbench_canonical_bf16/Qwen_Qwen3.5-9B_decentralized_k20_R2_N2.jsonl
WorkBench,decentralized,20,2,3,50,82.0,47.335,197224.9,correct,final_qwen9b_canonical/WorkBench/k_sweep/Qwen_Qwen3.5-9B_decentralized_k20.jsonl
WorkBench,decentralized,30,1,3,50,78.0,26.133,82107.6,correct,a5000_workbench_canonical_bf16/Qwen_Qwen3.5-9B_decentralized_k30_R1_N3.jsonl
WorkBench,decentralized,30,2,2,50,86.0,25.574,102613.3,correct,a5000_workbench_canonical_bf16/Qwen_Qwen3.5-9B_decentralized_k30_R2_N2.jsonl
WorkBench,decentralized,30,2,3,50,86.0,48.524,205382.2,correct,final_qwen9b_canonical/WorkBench/k_sweep/Qwen_Qwen3.5-9B_decentralized_k30.jsonl
WorkBench,decentralized,30,2,4,50,88.0,45.591,209631.1,correct,a5000_workbench_canonical_bf16/Qwen_Qwen3.5-9B_decentralized_k30_R2_N4.jsonl
WorkBench,decentralized,30,2,5,50,86.0,56.924,260002.4,correct,a5000_workbench_canonical_bf16/Qwen_Qwen3.5-9B_decentralized_k30_R2_N5.jsonl
WorkBench,decentralized,50,2,2,50,86.0,23.869,103563.5,correct,a5000_workbench_canonical_bf16/Qwen_Qwen3.5-9B_decentralized_k50_R2_N2.jsonl
WorkBench,decentralized,50,2,3,50,86.0,49.924,205568.4,correct,final_qwen9b_canonical/WorkBench/k_sweep/Qwen_Qwen3.5-9B_decentralized_k50.jsonl
WorkBench,decentralized,50,2,4,50,86.0,45.272,224964.6,correct,a5000_workbench_canonical_bf16/Qwen_Qwen3.5-9B_decentralized_k50_R2_N4.jsonl
WorkBench,decentralized,50,2,5,50,88.0,56.409,275927.5,correct,a5000_workbench_canonical_bf16/Qwen_Qwen3.5-9B_decentralized_k50_R2_N5.jsonl
WorkBench,independent,1,,2,50,18.0,4.957,11455.5,correct,a5000_workbench_canonical_bf16/Qwen_Qwen3.5-9B_independent_k1_N2.jsonl
WorkBench,independent,1,,3,50,18.0,7.816,16963.0,correct,final_qwen9b_canonical/WorkBench/k_sweep/Qwen_Qwen3.5-9B_independent_k1.jsonl
WorkBench,independent,1,,4,50,18.0,8.834,22562.7,correct,a5000_workbench_canonical_bf16/Qwen_Qwen3.5-9B_independent_k1_N4.jsonl
WorkBench,independent,1,,5,50,18.0,10.105,27898.4,correct,a5000_workbench_canonical_bf16/Qwen_Qwen3.5-9B_independent_k1_N5.jsonl
WorkBench,independent,2,,2,50,50.0,7.669,22969.0,correct,a5000_workbench_canonical_bf16/Qwen_Qwen3.5-9B_independent_k2_N2.jsonl
WorkBench,independent,2,,3,50,50.0,11.633,33862.8,correct,final_qwen9b_canonical/WorkBench/k_sweep/Qwen_Qwen3.5-9B_independent_k2.jsonl
WorkBench,independent,2,,4,50,50.0,14.686,45631.1,correct,a5000_workbench_canonical_bf16/Qwen_Qwen3.5-9B_independent_k2_N4.jsonl
WorkBench,independent,2,,5,50,50.0,17.034,55998.1,correct,a5000_workbench_canonical_bf16/Qwen_Qwen3.5-9B_independent_k2_N5.jsonl
WorkBench,independent,3,,2,50,68.0,13.91,35287.5,correct,a5000_workbench_canonical_bf16/Qwen_Qwen3.5-9B_independent_k3_N2.jsonl
WorkBench,independent,3,,3,50,70.0,17.951,52738.9,correct,final_qwen9b_canonical/WorkBench/k_sweep/Qwen_Qwen3.5-9B_independent_k3.jsonl
WorkBench,independent,3,,4,50,72.0,27.86,71022.2,correct,a5000_workbench_canonical_bf16/Qwen_Qwen3.5-9B_independent_k3_N4.jsonl
WorkBench,independent,3,,5,50,78.0,27.461,85916.3,correct,a5000_workbench_canonical_bf16/Qwen_Qwen3.5-9B_independent_k3_N5.jsonl
WorkBench,independent,5,,2,50,78.0,14.924,49742.2,correct,a5000_workbench_canonical_bf16/Qwen_Qwen3.5-9B_independent_k5_N2.jsonl
WorkBench,independent,5,,3,50,78.0,23.41,76003.8,correct,final_qwen9b_canonical/WorkBench/k_sweep/Qwen_Qwen3.5-9B_independent_k5.jsonl
WorkBench,independent,5,,4,50,86.0,25.774,96463.5,correct,a5000_workbench_canonical_bf16/Qwen_Qwen3.5-9B_independent_k5_N4.jsonl
WorkBench,independent,5,,5,50,84.0,30.559,122559.9,correct,a5000_workbench_canonical_bf16/Qwen_Qwen3.5-9B_independent_k5_N5.jsonl
WorkBench,independent,7,,2,50,82.0,17.109,55221.2,correct,a5000_workbench_canonical_bf16/Qwen_Qwen3.5-9B_independent_k7_N2.jsonl
WorkBench,independent,7,,3,50,86.0,27.494,82191.9,correct,final_qwen9b_canonical/WorkBench/k_sweep/Qwen_Qwen3.5-9B_independent_k7.jsonl
WorkBench,independent,7,,4,50,84.0,29.115,103678.4,correct,a5000_workbench_canonical_bf16/Qwen_Qwen3.5-9B_independent_k7_N4.jsonl
WorkBench,independent,7,,5,50,86.0,33.573,130739.5,correct,a5000_workbench_canonical_bf16/Qwen_Qwen3.5-9B_independent_k7_N5.jsonl
WorkBench,independent,10,,2,50,76.0,14.523,55595.2,correct,a5000_workbench_canonical_bf16/Qwen_Qwen3.5-9B_independent_k10_N2.jsonl
WorkBench,independent,10,,3,50,84.0,26.196,85427.0,correct,final_qwen9b_canonical/WorkBench/k_sweep/Qwen_Qwen3.5-9B_independent_k10.jsonl
WorkBench,independent,15,,2,50,80.0,17.728,55884.8,correct,a5000_workbench_canonical_bf16/Qwen_Qwen3.5-9B_independent_k15_N2.jsonl
WorkBench,independent,15,,3,50,86.0,23.442,83497.9,correct,final_qwen9b_canonical/WorkBench/k_sweep/Qwen_Qwen3.5-9B_independent_k15.jsonl
WorkBench,independent,15,,4,50,84.0,31.022,120247.8,correct,a5000_workbench_canonical_bf16/Qwen_Qwen3.5-9B_independent_k15_N4.jsonl
WorkBench,independent,15,,5,50,86.0,41.022,149227.7,correct,a5000_workbench_canonical_bf16/Qwen_Qwen3.5-9B_independent_k15_N5.jsonl
WorkBench,independent,20,,2,50,80.0,15.28,53225.9,correct,a5000_workbench_canonical_bf16/Qwen_Qwen3.5-9B_independent_k20_N2.jsonl
WorkBench,independent,20,,3,50,82.0,26.84,82790.4,correct,final_qwen9b_canonical/WorkBench/k_sweep/Qwen_Qwen3.5-9B_independent_k20.jsonl
WorkBench,independent,30,,2,50,80.0,17.523,56747.0,correct,a5000_workbench_canonical_bf16/Qwen_Qwen3.5-9B_independent_k30_N2.jsonl
WorkBench,independent,30,,3,50,84.0,23.792,84077.3,correct,final_qwen9b_canonical/WorkBench/k_sweep/Qwen_Qwen3.5-9B_independent_k30.jsonl
WorkBench,independent,30,,4,50,88.0,29.278,109110.5,correct,a5000_workbench_canonical_bf16/Qwen_Qwen3.5-9B_independent_k30_N4.jsonl
WorkBench,independent,30,,5,50,86.0,36.963,141367.6,correct,a5000_workbench_canonical_bf16/Qwen_Qwen3.5-9B_independent_k30_N5.jsonl
WorkBench,independent,50,,2,50,80.0,19.758,63965.4,correct,a5000_workbench_canonical_bf16/Qwen_Qwen3.5-9B_independent_k50_N2.jsonl
WorkBench,independent,50,,3,50,86.0,27.096,102359.6,correct,final_qwen9b_canonical/WorkBench/k_sweep/Qwen_Qwen3.5-9B_independent_k50.jsonl
WorkBench,independent,50,,4,50,88.0,30.329,121165.3,correct,a5000_workbench_canonical_bf16/Qwen_Qwen3.5-9B_independent_k50_N4.jsonl
WorkBench,independent,50,,5,50,82.0,37.451,155373.7,correct,a5000_workbench_canonical_bf16/Qwen_Qwen3.5-9B_independent_k50_N5.jsonl
WorkBench,sas,1,,1,50,18.0,2.269,5203.8,correct,final_qwen9b_canonical/WorkBench/k_sweep/Qwen_Qwen3.5-9B_sas_k1.jsonl
WorkBench,sas,2,,1,50,46.0,3.349,10739.5,correct,final_qwen9b_canonical/WorkBench/k_sweep/Qwen_Qwen3.5-9B_sas_k2.jsonl
WorkBench,sas,3,,1,50,66.0,4.993,16670.4,correct,final_qwen9b_canonical/WorkBench/k_sweep/Qwen_Qwen3.5-9B_sas_k3.jsonl
WorkBench,sas,5,,1,50,74.0,6.99,23801.9,correct,final_qwen9b_canonical/WorkBench/k_sweep/Qwen_Qwen3.5-9B_sas_k5.jsonl
WorkBench,sas,7,,1,50,76.0,7.117,25825.9,correct,final_qwen9b_canonical/WorkBench/k_sweep/Qwen_Qwen3.5-9B_sas_k7.jsonl
WorkBench,sas,10,,1,50,76.0,7.89,26318.4,correct,final_qwen9b_canonical/WorkBench/k_sweep/Qwen_Qwen3.5-9B_sas_k10.jsonl
WorkBench,sas,15,,1,50,76.0,7.152,26059.9,correct,final_qwen9b_canonical/WorkBench/k_sweep/Qwen_Qwen3.5-9B_sas_k15.jsonl
WorkBench,sas,20,,1,50,76.0,7.153,26059.9,correct,final_qwen9b_canonical/WorkBench/k_sweep/Qwen_Qwen3.5-9B_sas_k20.jsonl
WorkBench,sas,30,,1,50,76.0,7.152,26059.9,correct,final_qwen9b_canonical/WorkBench/k_sweep/Qwen_Qwen3.5-9B_sas_k30.jsonl
WorkBench,sas,50,,1,50,76.0,7.15,26059.9,correct,final_qwen9b_canonical/WorkBench/k_sweep/Qwen_Qwen3.5-9B_sas_k50.jsonl
